Ticker;Nombre;Precio;Var %;Tendencia (30d);SMA 50 (Medio);Rango 6 Meses;Donde esta hoy?;Market Cap;EPS;P/E;Beta;Sector;Industria
AAPL;"=GOOGLEFINANCE(""AAPL""; ""name"")";"=GOOGLEFINANCE(""AAPL"")";"=GOOGLEFINANCE(""AAPL""; ""changepct"")";"=SPARKLINE(GOOGLEFINANCE(""AAPL""; ""price""; HOY()-30; HOY()))";"=PROMEDIO(INDEX(GOOGLEFINANCE(""AAPL""; ""price""; HOY()-80; HOY());;2))";"=SPARKLINE({GOOGLEFINANCE(""AAPL"";""price""); MIN(INDEX(GOOGLEFINANCE(""AAPL""; ""price""; HOY()-180; HOY());;2)); MAX(INDEX(GOOGLEFINANCE(""AAPL""; ""price""; HOY()-180; HOY());;2))};{""charttype""\""bar"";""max""\MAX(INDEX(GOOGLEFINANCE(""AAPL""; ""price""; HOY()-180; HOY());;2));""min""\MIN(INDEX(GOOGLEFINANCE(""AAPL""; ""price""; HOY()-180; HOY());;2));""color1""\""blue""})";"=SI(GOOGLEFINANCE(""AAPL""; ""price"") > PROMEDIO(MAX(INDEX(GOOGLEFINANCE(""AAPL""; ""price""; HOY()-180; HOY());;2)); MIN(INDEX(GOOGLEFINANCE(""AAPL""; ""price""; HOY()-180; HOY());;2))); ""Zona Alta""; ""Zona Baja"")";"=GOOGLEFINANCE(""AAPL""; ""marketcap"")";"=GOOGLEFINANCE(""AAPL""; ""eps"")";"=GOOGLEFINANCE(""AAPL""; ""pe"")";"=GOOGLEFINANCE(""AAPL""; ""beta"")";"=IFERROR(INDEX(IMPORTXML(""https://finance.yahoo.com/quote/""&""AAPL"",""//span[text()='Sector(s)']/following-sibling::span"");1);""-"")";"=IFERROR(INDEX(IMPORTXML(""https://finance.yahoo.com/quote/""&""AAPL"",""//span[text()='Industry']/following-sibling::span"");1);""-"")"
MSFT;"=GOOGLEFINANCE(""MSFT""; ""name"")";"=GOOGLEFINANCE(""MSFT"")";"=GOOGLEFINANCE(""MSFT""; ""changepct"")";"=SPARKLINE(GOOGLEFINANCE(""MSFT""; ""price""; HOY()-30; HOY()))";"=PROMEDIO(INDEX(GOOGLEFINANCE(""MSFT""; ""price""; HOY()-80; HOY());;2))";"=SPARKLINE({GOOGLEFINANCE(""MSFT"";""price""); MIN(INDEX(GOOGLEFINANCE(""MSFT""; ""price""; HOY()-180; HOY());;2)); MAX(INDEX(GOOGLEFINANCE(""MSFT""; ""price""; HOY()-180; HOY());;2))};{""charttype""\""bar"";""max""\MAX(INDEX(GOOGLEFINANCE(""MSFT""; ""price""; HOY()-180; HOY());;2));""min""\MIN(INDEX(GOOGLEFINANCE(""MSFT""; ""price""; HOY()-180; HOY());;2));""color1""\""blue""})";"=SI(GOOGLEFINANCE(""MSFT""; ""price"") > PROMEDIO(MAX(INDEX(GOOGLEFINANCE(""MSFT""; ""price""; HOY()-180; HOY());;2)); MIN(INDEX(GOOGLEFINANCE(""MSFT""; ""price""; HOY()-180; HOY());;2))); ""Zona Alta""; ""Zona Baja"")";"=GOOGLEFINANCE(""MSFT""; ""marketcap"")";"=GOOGLEFINANCE(""MSFT""; ""eps"")";"=GOOGLEFINANCE(""MSFT""; ""pe"")";"=GOOGLEFINANCE(""MSFT""; ""beta"")";"=IFERROR(INDEX(IMPORTXML(""https://finance.yahoo.com/quote/""&""MSFT"",""//span[text()='Sector(s)']/following-sibling::span"");1);""-"")";"=IFERROR(INDEX(IMPORTXML(""https://finance.yahoo.com/quote/""&""MSFT"",""//span[text()='Industry']/following-sibling::span"");1);""-"")"
GOOGL;"=GOOGLEFINANCE(""GOOGL""; ""name"")";"=GOOGLEFINANCE(""GOOGL"")";"=GOOGLEFINANCE(""GOOGL""; ""changepct"")";"=SPARKLINE(GOOGLEFINANCE(""GOOGL""; ""price""; HOY()-30; HOY()))";"=PROMEDIO(INDEX(GOOGLEFINANCE(""GOOGL""; ""price""; HOY()-80; HOY());;2))";"=SPARKLINE({GOOGLEFINANCE(""GOOGL"";""price""); MIN(INDEX(GOOGLEFINANCE(""GOOGL""; ""price""; HOY()-180; HOY());;2)); MAX(INDEX(GOOGLEFINANCE(""GOOGL""; ""price""; HOY()-180; HOY());;2))};{""charttype""\""bar"";""max""\MAX(INDEX(GOOGLEFINANCE(""GOOGL""; ""price""; HOY()-180; HOY());;2));""min""\MIN(INDEX(GOOGLEFINANCE(""GOOGL""; ""price""; HOY()-180; HOY());;2));""color1""\""blue""})";"=SI(GOOGLEFINANCE(""GOOGL""; ""price"") > PROMEDIO(MAX(INDEX(GOOGLEFINANCE(""GOOGL""; ""price""; HOY()-180; HOY());;2)); MIN(INDEX(GOOGLEFINANCE(""GOOGL""; ""price""; HOY()-180; HOY());;2))); ""Zona Alta""; ""Zona Baja"")";"=GOOGLEFINANCE(""GOOGL""; ""marketcap"")";"=GOOGLEFINANCE(""GOOGL""; ""eps"")";"=GOOGLEFINANCE(""GOOGL""; ""pe"")";"=GOOGLEFINANCE(""GOOGL""; ""beta"")";"=IFERROR(INDEX(IMPORTXML(""https://finance.yahoo.com/quote/""&""GOOGL"",""//span[text()='Sector(s)']/following-sibling::span"");1);""-"")";"=IFERROR(INDEX(IMPORTXML(""https://finance.yahoo.com/quote/""&""GOOGL"",""//span[text()='Industry']/following-sibling::span"");1);""-"")"
AMZN;"=GOOGLEFINANCE(""AMZN""; ""name"")";"=GOOGLEFINANCE(""AMZN"")";"=GOOGLEFINANCE(""AMZN""; ""changepct"")";"=SPARKLINE(GOOGLEFINANCE(""AMZN""; ""price""; HOY()-30; HOY()))";"=PROMEDIO(INDEX(GOOGLEFINANCE(""AMZN""; ""price""; HOY()-80; HOY());;2))";"=SPARKLINE({GOOGLEFINANCE(""AMZN"";""price""); MIN(INDEX(GOOGLEFINANCE(""AMZN""; ""price""; HOY()-180; HOY());;2)); MAX(INDEX(GOOGLEFINANCE(""AMZN""; ""price""; HOY()-180; HOY());;2))};{""charttype""\""bar"";""max""\MAX(INDEX(GOOGLEFINANCE(""AMZN""; ""price""; HOY()-180; HOY());;2));""min""\MIN(INDEX(GOOGLEFINANCE(""AMZN""; ""price""; HOY()-180; HOY());;2));""color1""\""blue""})";"=SI(GOOGLEFINANCE(""AMZN""; ""price"") > PROMEDIO(MAX(INDEX(GOOGLEFINANCE(""AMZN""; ""price""; HOY()-180; HOY());;2)); MIN(INDEX(GOOGLEFINANCE(""AMZN""; ""price""; HOY()-180; HOY());;2))); ""Zona Alta""; ""Zona Baja"")";"=GOOGLEFINANCE(""AMZN""; ""marketcap"")";"=GOOGLEFINANCE(""AMZN""; ""eps"")";"=GOOGLEFINANCE(""AMZN""; ""pe"")";"=GOOGLEFINANCE(""AMZN""; ""beta"")";"=IFERROR(INDEX(IMPORTXML(""https://finance.yahoo.com/quote/""&""AMZN"",""//span[text()='Sector(s)']/following-sibling::span"");1);""-"")";"=IFERROR(INDEX(IMPORTXML(""https://finance.yahoo.com/quote/""&""AMZN"",""//span[text()='Industry']/following-sibling::span"");1);""-"")"
NVDA;"=GOOGLEFINANCE(""NVDA""; ""name"")";"=GOOGLEFINANCE(""NVDA"")";"=GOOGLEFINANCE(""NVDA""; ""changepct"")";"=SPARKLINE(GOOGLEFINANCE(""NVDA""; ""price""; HOY()-30; HOY()))";"=PROMEDIO(INDEX(GOOGLEFINANCE(""NVDA""; ""price""; HOY()-80; HOY());;2))";"=SPARKLINE({GOOGLEFINANCE(""NVDA"";""price""); MIN(INDEX(GOOGLEFINANCE(""NVDA""; ""price""; HOY()-180; HOY());;2)); MAX(INDEX(GOOGLEFINANCE(""NVDA""; ""price""; HOY()-180; HOY());;2))};{""charttype""\""bar"";""max""\MAX(INDEX(GOOGLEFINANCE(""NVDA""; ""price""; HOY()-180; HOY());;2));""min""\MIN(INDEX(GOOGLEFINANCE(""NVDA""; ""price""; HOY()-180; HOY());;2));""color1""\""blue""})";"=SI(GOOGLEFINANCE(""NVDA""; ""price"") > PROMEDIO(MAX(INDEX(GOOGLEFINANCE(""NVDA""; ""price""; HOY()-180; HOY());;2)); MIN(INDEX(GOOGLEFINANCE(""NVDA""; ""price""; HOY()-180; HOY());;2))); ""Zona Alta""; ""Zona Baja"")";"=GOOGLEFINANCE(""NVDA""; ""marketcap"")";"=GOOGLEFINANCE(""NVDA""; ""eps"")";"=GOOGLEFINANCE(""NVDA""; ""pe"")";"=GOOGLEFINANCE(""NVDA""; ""beta"")";"=IFERROR(INDEX(IMPORTXML(""https://finance.yahoo.com/quote/""&""NVDA"",""//span[text()='Sector(s)']/following-sibling::span"");1);""-"")";"=IFERROR(INDEX(IMPORTXML(""https://finance.yahoo.com/quote/""&""NVDA"",""//span[text()='Industry']/following-sibling::span"");1);""-"")"
META;"=GOOGLEFINANCE(""META""; ""name"")";"=GOOGLEFINANCE(""META"")";"=GOOGLEFINANCE(""META""; ""changepct"")";"=SPARKLINE(GOOGLEFINANCE(""META""; ""price""; HOY()-30; HOY()))";"=PROMEDIO(INDEX(GOOGLEFINANCE(""META""; ""price""; HOY()-80; HOY());;2))";"=SPARKLINE({GOOGLEFINANCE(""META"";""price""); MIN(INDEX(GOOGLEFINANCE(""META""; ""price""; HOY()-180; HOY());;2)); MAX(INDEX(GOOGLEFINANCE(""META""; ""price""; HOY()-180; HOY());;2))};{""charttype""\""bar"";""max""\MAX(INDEX(GOOGLEFINANCE(""META""; ""price""; HOY()-180; HOY());;2));""min""\MIN(INDEX(GOOGLEFINANCE(""META""; ""price""; HOY()-180; HOY());;2));""color1""\""blue""})";"=SI(GOOGLEFINANCE(""META""; ""price"") > PROMEDIO(MAX(INDEX(GOOGLEFINANCE(""META""; ""price""; HOY()-180; HOY());;2)); MIN(INDEX(GOOGLEFINANCE(""META""; ""price""; HOY()-180; HOY());;2))); ""Zona Alta""; ""Zona Baja"")";"=GOOGLEFINANCE(""META""; ""marketcap"")";"=GOOGLEFINANCE(""META""; ""eps"")";"=GOOGLEFINANCE(""META""; ""pe"")";"=GOOGLEFINANCE(""META""; ""beta"")";"=IFERROR(INDEX(IMPORTXML(""https://finance.yahoo.com/quote/""&""META"",""//span[text()='Sector(s)']/following-sibling::span"");1);""-"")";"=IFERROR(INDEX(IMPORTXML(""https://finance.yahoo.com/quote/""&""META"",""//span[text()='Industry']/following-sibling::span"");1);""-"")"
TSLA;"=GOOGLEFINANCE(""TSLA""; ""name"")";"=GOOGLEFINANCE(""TSLA"")";"=GOOGLEFINANCE(""TSLA""; ""changepct"")";"=SPARKLINE(GOOGLEFINANCE(""TSLA""; ""price""; HOY()-30; HOY()))";"=PROMEDIO(INDEX(GOOGLEFINANCE(""TSLA""; ""price""; HOY()-80; HOY());;2))";"=SPARKLINE({GOOGLEFINANCE(""TSLA"";""price""); MIN(INDEX(GOOGLEFINANCE(""TSLA""; ""price""; HOY()-180; HOY());;2)); MAX(INDEX(GOOGLEFINANCE(""TSLA""; ""price""; HOY()-180; HOY());;2))};{""charttype""\""bar"";""max""\MAX(INDEX(GOOGLEFINANCE(""TSLA""; ""price""; HOY()-180; HOY());;2));""min""\MIN(INDEX(GOOGLEFINANCE(""TSLA""; ""price""; HOY()-180; HOY());;2));""color1""\""blue""})";"=SI(GOOGLEFINANCE(""TSLA""; ""price"") > PROMEDIO(MAX(INDEX(GOOGLEFINANCE(""TSLA""; ""price""; HOY()-180; HOY());;2)); MIN(INDEX(GOOGLEFINANCE(""TSLA""; ""price""; HOY()-180; HOY());;2))); ""Zona Alta""; ""Zona Baja"")";"=GOOGLEFINANCE(""TSLA""; ""marketcap"")";"=GOOGLEFINANCE(""TSLA""; ""eps"")";"=GOOGLEFINANCE(""TSLA""; ""pe"")";"=GOOGLEFINANCE(""TSLA""; ""beta"")";"=IFERROR(INDEX(IMPORTXML(""https://finance.yahoo.com/quote/""&""TSLA"",""//span[text()='Sector(s)']/following-sibling::span"");1);""-"")";"=IFERROR(INDEX(IMPORTXML(""https://finance.yahoo.com/quote/""&""TSLA"",""//span[text()='Industry']/following-sibling::span"");1);""-"")"
AMD;"=GOOGLEFINANCE(""AMD""; ""name"")";"=GOOGLEFINANCE(""AMD"")";"=GOOGLEFINANCE(""AMD""; ""changepct"")";"=SPARKLINE(GOOGLEFINANCE(""AMD""; ""price""; HOY()-30; HOY()))";"=PROMEDIO(INDEX(GOOGLEFINANCE(""AMD""; ""price""; HOY()-80; HOY());;2))";"=SPARKLINE({GOOGLEFINANCE(""AMD"";""price""); MIN(INDEX(GOOGLEFINANCE(""AMD""; ""price""; HOY()-180; HOY());;2)); MAX(INDEX(GOOGLEFINANCE(""AMD""; ""price""; HOY()-180; HOY());;2))};{""charttype""\""bar"";""max""\MAX(INDEX(GOOGLEFINANCE(""AMD""; ""price""; HOY()-180; HOY());;2));""min""\MIN(INDEX(GOOGLEFINANCE(""AMD""; ""price""; HOY()-180; HOY());;2));""color1""\""blue""})";"=SI(GOOGLEFINANCE(""AMD""; ""price"") > PROMEDIO(MAX(INDEX(GOOGLEFINANCE(""AMD""; ""price""; HOY()-180; HOY());;2)); MIN(INDEX(GOOGLEFINANCE(""AMD""; ""price""; HOY()-180; HOY());;2))); ""Zona Alta""; ""Zona Baja"")";"=GOOGLEFINANCE(""AMD""; ""marketcap"")";"=GOOGLEFINANCE(""AMD""; ""eps"")";"=GOOGLEFINANCE(""AMD""; ""pe"")";"=GOOGLEFINANCE(""AMD""; ""beta"")";"=IFERROR(INDEX(IMPORTXML(""https://finance.yahoo.com/quote/""&""AMD"",""//span[text()='Sector(s)']/following-sibling::span"");1);""-"")";"=IFERROR(INDEX(IMPORTXML(""https://finance.yahoo.com/quote/""&""AMD"",""//span[text()='Industry']/following-sibling::span"");1);""-"")"
INTC;"=GOOGLEFINANCE(""INTC""; ""name"")";"=GOOGLEFINANCE(""INTC"")";"=GOOGLEFINANCE(""INTC""; ""changepct"")";"=SPARKLINE(GOOGLEFINANCE(""INTC""; ""price""; HOY()-30; HOY()))";"=PROMEDIO(INDEX(GOOGLEFINANCE(""INTC""; ""price""; HOY()-80; HOY());;2))";"=SPARKLINE({GOOGLEFINANCE(""INTC"";""price""); MIN(INDEX(GOOGLEFINANCE(""INTC""; ""price""; HOY()-180; HOY());;2)); MAX(INDEX(GOOGLEFINANCE(""INTC""; ""price""; HOY()-180; HOY());;2))};{""charttype""\""bar"";""max""\MAX(INDEX(GOOGLEFINANCE(""INTC""; ""price""; HOY()-180; HOY());;2));""min""\MIN(INDEX(GOOGLEFINANCE(""INTC""; ""price""; HOY()-180; HOY());;2));""color1""\""blue""})";"=SI(GOOGLEFINANCE(""INTC""; ""price"") > PROMEDIO(MAX(INDEX(GOOGLEFINANCE(""INTC""; ""price""; HOY()-180; HOY());;2)); MIN(INDEX(GOOGLEFINANCE(""INTC""; ""price""; HOY()-180; HOY());;2))); ""Zona Alta""; ""Zona Baja"")";"=GOOGLEFINANCE(""INTC""; ""marketcap"")";"=GOOGLEFINANCE(""INTC""; ""eps"")";"=GOOGLEFINANCE(""INTC""; ""pe"")";"=GOOGLEFINANCE(""INTC""; ""beta"")";"=IFERROR(INDEX(IMPORTXML(""https://finance.yahoo.com/quote/""&""INTC"",""//span[text()='Sector(s)']/following-sibling::span"");1);""-"")";"=IFERROR(INDEX(IMPORTXML(""https://finance.yahoo.com/quote/""&""INTC"",""//span[text()='Industry']/following-sibling::span"");1);""-"")"
QCOM;"=GOOGLEFINANCE(""QCOM""; ""name"")";"=GOOGLEFINANCE(""QCOM"")";"=GOOGLEFINANCE(""QCOM""; ""changepct"")";"=SPARKLINE(GOOGLEFINANCE(""QCOM""; ""price""; HOY()-30; HOY()))";"=PROMEDIO(INDEX(GOOGLEFINANCE(""QCOM""; ""price""; HOY()-80; HOY());;2))";"=SPARKLINE({GOOGLEFINANCE(""QCOM"";""price""); MIN(INDEX(GOOGLEFINANCE(""QCOM""; ""price""; HOY()-180; HOY());;2)); MAX(INDEX(GOOGLEFINANCE(""QCOM""; ""price""; HOY()-180; HOY());;2))};{""charttype""\""bar"";""max""\MAX(INDEX(GOOGLEFINANCE(""QCOM""; ""price""; HOY()-180; HOY());;2));""min""\MIN(INDEX(GOOGLEFINANCE(""QCOM""; ""price""; HOY()-180; HOY());;2));""color1""\""blue""})";"=SI(GOOGLEFINANCE(""QCOM""; ""price"") > PROMEDIO(MAX(INDEX(GOOGLEFINANCE(""QCOM""; ""price""; HOY()-180; HOY());;2)); MIN(INDEX(GOOGLEFINANCE(""QCOM""; ""price""; HOY()-180; HOY());;2))); ""Zona Alta""; ""Zona Baja"")";"=GOOGLEFINANCE(""QCOM""; ""marketcap"")";"=GOOGLEFINANCE(""QCOM""; ""eps"")";"=GOOGLEFINANCE(""QCOM""; ""pe"")";"=GOOGLEFINANCE(""QCOM""; ""beta"")";"=IFERROR(INDEX(IMPORTXML(""https://finance.yahoo.com/quote/""&""QCOM"",""//span[text()='Sector(s)']/following-sibling::span"");1);""-"")";"=IFERROR(INDEX(IMPORTXML(""https://finance.yahoo.com/quote/""&""QCOM"",""//span[text()='Industry']/following-sibling::span"");1);""-"")"
AVGO;"=GOOGLEFINANCE(""AVGO""; ""name"")";"=GOOGLEFINANCE(""AVGO"")";"=GOOGLEFINANCE(""AVGO""; ""changepct"")";"=SPARKLINE(GOOGLEFINANCE(""AVGO""; ""price""; HOY()-30; HOY()))";"=PROMEDIO(INDEX(GOOGLEFINANCE(""AVGO""; ""price""; HOY()-80; HOY());;2))";"=SPARKLINE({GOOGLEFINANCE(""AVGO"";""price""); MIN(INDEX(GOOGLEFINANCE(""AVGO""; ""price""; HOY()-180; HOY());;2)); MAX(INDEX(GOOGLEFINANCE(""AVGO""; ""price""; HOY()-180; HOY());;2))};{""charttype""\""bar"";""max""\MAX(INDEX(GOOGLEFINANCE(""AVGO""; ""price""; HOY()-180; HOY());;2));""min""\MIN(INDEX(GOOGLEFINANCE(""AVGO""; ""price""; HOY()-180; HOY());;2));""color1""\""blue""})";"=SI(GOOGLEFINANCE(""AVGO""; ""price"") > PROMEDIO(MAX(INDEX(GOOGLEFINANCE(""AVGO""; ""price""; HOY()-180; HOY());;2)); MIN(INDEX(GOOGLEFINANCE(""AVGO""; ""price""; HOY()-180; HOY());;2))); ""Zona Alta""; ""Zona Baja"")";"=GOOGLEFINANCE(""AVGO""; ""marketcap"")";"=GOOGLEFINANCE(""AVGO""; ""eps"")";"=GOOGLEFINANCE(""AVGO""; ""pe"")";"=GOOGLEFINANCE(""AVGO""; ""beta"")";"=IFERROR(INDEX(IMPORTXML(""https://finance.yahoo.com/quote/""&""AVGO"",""//span[text()='Sector(s)']/following-sibling::span"");1);""-"")";"=IFERROR(INDEX(IMPORTXML(""https://finance.yahoo.com/quote/""&""AVGO"",""//span[text()='Industry']/following-sibling::span"");1);""-"")"
TXN;"=GOOGLEFINANCE(""TXN""; ""name"")";"=GOOGLEFINANCE(""TXN"")";"=GOOGLEFINANCE(""TXN""; ""changepct"")";"=SPARKLINE(GOOGLEFINANCE(""TXN""; ""price""; HOY()-30; HOY()))";"=PROMEDIO(INDEX(GOOGLEFINANCE(""TXN""; ""price""; HOY()-80; HOY());;2))";"=SPARKLINE({GOOGLEFINANCE(""TXN"";""price""); MIN(INDEX(GOOGLEFINANCE(""TXN""; ""price""; HOY()-180; HOY());;2)); MAX(INDEX(GOOGLEFINANCE(""TXN""; ""price""; HOY()-180; HOY());;2))};{""charttype""\""bar"";""max""\MAX(INDEX(GOOGLEFINANCE(""TXN""; ""price""; HOY()-180; HOY());;2));""min""\MIN(INDEX(GOOGLEFINANCE(""TXN""; ""price""; HOY()-180; HOY());;2));""color1""\""blue""})";"=SI(GOOGLEFINANCE(""TXN""; ""price"") > PROMEDIO(MAX(INDEX(GOOGLEFINANCE(""TXN""; ""price""; HOY()-180; HOY());;2)); MIN(INDEX(GOOGLEFINANCE(""TXN""; ""price""; HOY()-180; HOY());;2))); ""Zona Alta""; ""Zona Baja"")";"=GOOGLEFINANCE(""TXN""; ""marketcap"")";"=GOOGLEFINANCE(""TXN""; ""eps"")";"=GOOGLEFINANCE(""TXN""; ""pe"")";"=GOOGLEFINANCE(""TXN""; ""beta"")";"=IFERROR(INDEX(IMPORTXML(""https://finance.yahoo.com/quote/""&""TXN"",""//span[text()='Sector(s)']/following-sibling::span"");1);""-"")";"=IFERROR(INDEX(IMPORTXML(""https://finance.yahoo.com/quote/""&""TXN"",""//span[text()='Industry']/following-sibling::span"");1);""-"")"
MU;"=GOOGLEFINANCE(""MU""; ""name"")";"=GOOGLEFINANCE(""MU"")";"=GOOGLEFINANCE(""MU""; ""changepct"")";"=SPARKLINE(GOOGLEFINANCE(""MU""; ""price""; HOY()-30; HOY()))";"=PROMEDIO(INDEX(GOOGLEFINANCE(""MU""; ""price""; HOY()-80; HOY());;2))";"=SPARKLINE({GOOGLEFINANCE(""MU"";""price""); MIN(INDEX(GOOGLEFINANCE(""MU""; ""price""; HOY()-180; HOY());;2)); MAX(INDEX(GOOGLEFINANCE(""MU""; ""price""; HOY()-180; HOY());;2))};{""charttype""\""bar"";""max""\MAX(INDEX(GOOGLEFINANCE(""MU""; ""price""; HOY()-180; HOY());;2));""min""\MIN(INDEX(GOOGLEFINANCE(""MU""; ""price""; HOY()-180; HOY());;2));""color1""\""blue""})";"=SI(GOOGLEFINANCE(""MU""; ""price"") > PROMEDIO(MAX(INDEX(GOOGLEFINANCE(""MU""; ""price""; HOY()-180; HOY());;2)); MIN(INDEX(GOOGLEFINANCE(""MU""; ""price""; HOY()-180; HOY());;2))); ""Zona Alta""; ""Zona Baja"")";"=GOOGLEFINANCE(""MU""; ""marketcap"")";"=GOOGLEFINANCE(""MU""; ""eps"")";"=GOOGLEFINANCE(""MU""; ""pe"")";"=GOOGLEFINANCE(""MU""; ""beta"")";"=IFERROR(INDEX(IMPORTXML(""https://finance.yahoo.com/quote/""&""MU"",""//span[text()='Sector(s)']/following-sibling::span"");1);""-"")";"=IFERROR(INDEX(IMPORTXML(""https://finance.yahoo.com/quote/""&""MU"",""//span[text()='Industry']/following-sibling::span"");1);""-"")"
ARM;"=GOOGLEFINANCE(""ARM""; ""name"")";"=GOOGLEFINANCE(""ARM"")";"=GOOGLEFINANCE(""ARM""; ""changepct"")";"=SPARKLINE(GOOGLEFINANCE(""ARM""; ""price""; HOY()-30; HOY()))";"=PROMEDIO(INDEX(GOOGLEFINANCE(""ARM""; ""price""; HOY()-80; HOY());;2))";"=SPARKLINE({GOOGLEFINANCE(""ARM"";""price""); MIN(INDEX(GOOGLEFINANCE(""ARM""; ""price""; HOY()-180; HOY());;2)); MAX(INDEX(GOOGLEFINANCE(""ARM""; ""price""; HOY()-180; HOY());;2))};{""charttype""\""bar"";""max""\MAX(INDEX(GOOGLEFINANCE(""ARM""; ""price""; HOY()-180; HOY());;2));""min""\MIN(INDEX(GOOGLEFINANCE(""ARM""; ""price""; HOY()-180; HOY());;2));""color1""\""blue""})";"=SI(GOOGLEFINANCE(""ARM""; ""price"") > PROMEDIO(MAX(INDEX(GOOGLEFINANCE(""ARM""; ""price""; HOY()-180; HOY());;2)); MIN(INDEX(GOOGLEFINANCE(""ARM""; ""price""; HOY()-180; HOY());;2))); ""Zona Alta""; ""Zona Baja"")";"=GOOGLEFINANCE(""ARM""; ""marketcap"")";"=GOOGLEFINANCE(""ARM""; ""eps"")";"=GOOGLEFINANCE(""ARM""; ""pe"")";"=GOOGLEFINANCE(""ARM""; ""beta"")";"=IFERROR(INDEX(IMPORTXML(""https://finance.yahoo.com/quote/""&""ARM"",""//span[text()='Sector(s)']/following-sibling::span"");1);""-"")";"=IFERROR(INDEX(IMPORTXML(""https://finance.yahoo.com/quote/""&""ARM"",""//span[text()='Industry']/following-sibling::span"");1);""-"")"
SMCI;"=GOOGLEFINANCE(""SMCI""; ""name"")";"=GOOGLEFINANCE(""SMCI"")";"=GOOGLEFINANCE(""SMCI""; ""changepct"")";"=SPARKLINE(GOOGLEFINANCE(""SMCI""; ""price""; HOY()-30; HOY()))";"=PROMEDIO(INDEX(GOOGLEFINANCE(""SMCI""; ""price""; HOY()-80; HOY());;2))";"=SPARKLINE({GOOGLEFINANCE(""SMCI"";""price""); MIN(INDEX(GOOGLEFINANCE(""SMCI""; ""price""; HOY()-180; HOY());;2)); MAX(INDEX(GOOGLEFINANCE(""SMCI""; ""price""; HOY()-180; HOY());;2))};{""charttype""\""bar"";""max""\MAX(INDEX(GOOGLEFINANCE(""SMCI""; ""price""; HOY()-180; HOY());;2));""min""\MIN(INDEX(GOOGLEFINANCE(""SMCI""; ""price""; HOY()-180; HOY());;2));""color1""\""blue""})";"=SI(GOOGLEFINANCE(""SMCI""; ""price"") > PROMEDIO(MAX(INDEX(GOOGLEFINANCE(""SMCI""; ""price""; HOY()-180; HOY());;2)); MIN(INDEX(GOOGLEFINANCE(""SMCI""; ""price""; HOY()-180; HOY());;2))); ""Zona Alta""; ""Zona Baja"")";"=GOOGLEFINANCE(""SMCI""; ""marketcap"")";"=GOOGLEFINANCE(""SMCI""; ""eps"")";"=GOOGLEFINANCE(""SMCI""; ""pe"")";"=GOOGLEFINANCE(""SMCI""; ""beta"")";"=IFERROR(INDEX(IMPORTXML(""https://finance.yahoo.com/quote/""&""SMCI"",""//span[text()='Sector(s)']/following-sibling::span"");1);""-"")";"=IFERROR(INDEX(IMPORTXML(""https://finance.yahoo.com/quote/""&""SMCI"",""//span[text()='Industry']/following-sibling::span"");1);""-"")"
JPM;"=GOOGLEFINANCE(""JPM""; ""name"")";"=GOOGLEFINANCE(""JPM"")";"=GOOGLEFINANCE(""JPM""; ""changepct"")";"=SPARKLINE(GOOGLEFINANCE(""JPM""; ""price""; HOY()-30; HOY()))";"=PROMEDIO(INDEX(GOOGLEFINANCE(""JPM""; ""price""; HOY()-80; HOY());;2))";"=SPARKLINE({GOOGLEFINANCE(""JPM"";""price""); MIN(INDEX(GOOGLEFINANCE(""JPM""; ""price""; HOY()-180; HOY());;2)); MAX(INDEX(GOOGLEFINANCE(""JPM""; ""price""; HOY()-180; HOY());;2))};{""charttype""\""bar"";""max""\MAX(INDEX(GOOGLEFINANCE(""JPM""; ""price""; HOY()-180; HOY());;2));""min""\MIN(INDEX(GOOGLEFINANCE(""JPM""; ""price""; HOY()-180; HOY());;2));""color1""\""blue""})";"=SI(GOOGLEFINANCE(""JPM""; ""price"") > PROMEDIO(MAX(INDEX(GOOGLEFINANCE(""JPM""; ""price""; HOY()-180; HOY());;2)); MIN(INDEX(GOOGLEFINANCE(""JPM""; ""price""; HOY()-180; HOY());;2))); ""Zona Alta""; ""Zona Baja"")";"=GOOGLEFINANCE(""JPM""; ""marketcap"")";"=GOOGLEFINANCE(""JPM""; ""eps"")";"=GOOGLEFINANCE(""JPM""; ""pe"")";"=GOOGLEFINANCE(""JPM""; ""beta"")";"=IFERROR(INDEX(IMPORTXML(""https://finance.yahoo.com/quote/""&""JPM"",""//span[text()='Sector(s)']/following-sibling::span"");1);""-"")";"=IFERROR(INDEX(IMPORTXML(""https://finance.yahoo.com/quote/""&""JPM"",""//span[text()='Industry']/following-sibling::span"");1);""-"")"
BAC;"=GOOGLEFINANCE(""BAC""; ""name"")";"=GOOGLEFINANCE(""BAC"")";"=GOOGLEFINANCE(""BAC""; ""changepct"")";"=SPARKLINE(GOOGLEFINANCE(""BAC""; ""price""; HOY()-30; HOY()))";"=PROMEDIO(INDEX(GOOGLEFINANCE(""BAC""; ""price""; HOY()-80; HOY());;2))";"=SPARKLINE({GOOGLEFINANCE(""BAC"";""price""); MIN(INDEX(GOOGLEFINANCE(""BAC""; ""price""; HOY()-180; HOY());;2)); MAX(INDEX(GOOGLEFINANCE(""BAC""; ""price""; HOY()-180; HOY());;2))};{""charttype""\""bar"";""max""\MAX(INDEX(GOOGLEFINANCE(""BAC""; ""price""; HOY()-180; HOY());;2));""min""\MIN(INDEX(GOOGLEFINANCE(""BAC""; ""price""; HOY()-180; HOY());;2));""color1""\""blue""})";"=SI(GOOGLEFINANCE(""BAC""; ""price"") > PROMEDIO(MAX(INDEX(GOOGLEFINANCE(""BAC""; ""price""; HOY()-180; HOY());;2)); MIN(INDEX(GOOGLEFINANCE(""BAC""; ""price""; HOY()-180; HOY());;2))); ""Zona Alta""; ""Zona Baja"")";"=GOOGLEFINANCE(""BAC""; ""marketcap"")";"=GOOGLEFINANCE(""BAC""; ""eps"")";"=GOOGLEFINANCE(""BAC""; ""pe"")";"=GOOGLEFINANCE(""BAC""; ""beta"")";"=IFERROR(INDEX(IMPORTXML(""https://finance.yahoo.com/quote/""&""BAC"",""//span[text()='Sector(s)']/following-sibling::span"");1);""-"")";"=IFERROR(INDEX(IMPORTXML(""https://finance.yahoo.com/quote/""&""BAC"",""//span[text()='Industry']/following-sibling::span"");1);""-"")"
V;"=GOOGLEFINANCE(""V""; ""name"")";"=GOOGLEFINANCE(""V"")";"=GOOGLEFINANCE(""V""; ""changepct"")";"=SPARKLINE(GOOGLEFINANCE(""V""; ""price""; HOY()-30; HOY()))";"=PROMEDIO(INDEX(GOOGLEFINANCE(""V""; ""price""; HOY()-80; HOY());;2))";"=SPARKLINE({GOOGLEFINANCE(""V"";""price""); MIN(INDEX(GOOGLEFINANCE(""V""; ""price""; HOY()-180; HOY());;2)); MAX(INDEX(GOOGLEFINANCE(""V""; ""price""; HOY()-180; HOY());;2))};{""charttype""\""bar"";""max""\MAX(INDEX(GOOGLEFINANCE(""V""; ""price""; HOY()-180; HOY());;2));""min""\MIN(INDEX(GOOGLEFINANCE(""V""; ""price""; HOY()-180; HOY());;2));""color1""\""blue""})";"=SI(GOOGLEFINANCE(""V""; ""price"") > PROMEDIO(MAX(INDEX(GOOGLEFINANCE(""V""; ""price""; HOY()-180; HOY());;2)); MIN(INDEX(GOOGLEFINANCE(""V""; ""price""; HOY()-180; HOY());;2))); ""Zona Alta""; ""Zona Baja"")";"=GOOGLEFINANCE(""V""; ""marketcap"")";"=GOOGLEFINANCE(""V""; ""eps"")";"=GOOGLEFINANCE(""V""; ""pe"")";"=GOOGLEFINANCE(""V""; ""beta"")";"=IFERROR(INDEX(IMPORTXML(""https://finance.yahoo.com/quote/""&""V"",""//span[text()='Sector(s)']/following-sibling::span"");1);""-"")";"=IFERROR(INDEX(IMPORTXML(""https://finance.yahoo.com/quote/""&""V"",""//span[text()='Industry']/following-sibling::span"");1);""-"")"
MA;"=GOOGLEFINANCE(""MA""; ""name"")";"=GOOGLEFINANCE(""MA"")";"=GOOGLEFINANCE(""MA""; ""changepct"")";"=SPARKLINE(GOOGLEFINANCE(""MA""; ""price""; HOY()-30; HOY()))";"=PROMEDIO(INDEX(GOOGLEFINANCE(""MA""; ""price""; HOY()-80; HOY());;2))";"=SPARKLINE({GOOGLEFINANCE(""MA"";""price""); MIN(INDEX(GOOGLEFINANCE(""MA""; ""price""; HOY()-180; HOY());;2)); MAX(INDEX(GOOGLEFINANCE(""MA""; ""price""; HOY()-180; HOY());;2))};{""charttype""\""bar"";""max""\MAX(INDEX(GOOGLEFINANCE(""MA""; ""price""; HOY()-180; HOY());;2));""min""\MIN(INDEX(GOOGLEFINANCE(""MA""; ""price""; HOY()-180; HOY());;2));""color1""\""blue""})";"=SI(GOOGLEFINANCE(""MA""; ""price"") > PROMEDIO(MAX(INDEX(GOOGLEFINANCE(""MA""; ""price""; HOY()-180; HOY());;2)); MIN(INDEX(GOOGLEFINANCE(""MA""; ""price""; HOY()-180; HOY());;2))); ""Zona Alta""; ""Zona Baja"")";"=GOOGLEFINANCE(""MA""; ""marketcap"")";"=GOOGLEFINANCE(""MA""; ""eps"")";"=GOOGLEFINANCE(""MA""; ""pe"")";"=GOOGLEFINANCE(""MA""; ""beta"")";"=IFERROR(INDEX(IMPORTXML(""https://finance.yahoo.com/quote/""&""MA"",""//span[text()='Sector(s)']/following-sibling::span"");1);""-"")";"=IFERROR(INDEX(IMPORTXML(""https://finance.yahoo.com/quote/""&""MA"",""//span[text()='Industry']/following-sibling::span"");1);""-"")"
AXP;"=GOOGLEFINANCE(""AXP""; ""name"")";"=GOOGLEFINANCE(""AXP"")";"=GOOGLEFINANCE(""AXP""; ""changepct"")";"=SPARKLINE(GOOGLEFINANCE(""AXP""; ""price""; HOY()-30; HOY()))";"=PROMEDIO(INDEX(GOOGLEFINANCE(""AXP""; ""price""; HOY()-80; HOY());;2))";"=SPARKLINE({GOOGLEFINANCE(""AXP"";""price""); MIN(INDEX(GOOGLEFINANCE(""AXP""; ""price""; HOY()-180; HOY());;2)); MAX(INDEX(GOOGLEFINANCE(""AXP""; ""price""; HOY()-180; HOY());;2))};{""charttype""\""bar"";""max""\MAX(INDEX(GOOGLEFINANCE(""AXP""; ""price""; HOY()-180; HOY());;2));""min""\MIN(INDEX(GOOGLEFINANCE(""AXP""; ""price""; HOY()-180; HOY());;2));""color1""\""blue""})";"=SI(GOOGLEFINANCE(""AXP""; ""price"") > PROMEDIO(MAX(INDEX(GOOGLEFINANCE(""AXP""; ""price""; HOY()-180; HOY());;2)); MIN(INDEX(GOOGLEFINANCE(""AXP""; ""price""; HOY()-180; HOY());;2))); ""Zona Alta""; ""Zona Baja"")";"=GOOGLEFINANCE(""AXP""; ""marketcap"")";"=GOOGLEFINANCE(""AXP""; ""eps"")";"=GOOGLEFINANCE(""AXP""; ""pe"")";"=GOOGLEFINANCE(""AXP""; ""beta"")";"=IFERROR(INDEX(IMPORTXML(""https://finance.yahoo.com/quote/""&""AXP"",""//span[text()='Sector(s)']/following-sibling::span"");1);""-"")";"=IFERROR(INDEX(IMPORTXML(""https://finance.yahoo.com/quote/""&""AXP"",""//span[text()='Industry']/following-sibling::span"");1);""-"")"
GS;"=GOOGLEFINANCE(""GS""; ""name"")";"=GOOGLEFINANCE(""GS"")";"=GOOGLEFINANCE(""GS""; ""changepct"")";"=SPARKLINE(GOOGLEFINANCE(""GS""; ""price""; HOY()-30; HOY()))";"=PROMEDIO(INDEX(GOOGLEFINANCE(""GS""; ""price""; HOY()-80; HOY());;2))";"=SPARKLINE({GOOGLEFINANCE(""GS"";""price""); MIN(INDEX(GOOGLEFINANCE(""GS""; ""price""; HOY()-180; HOY());;2)); MAX(INDEX(GOOGLEFINANCE(""GS""; ""price""; HOY()-180; HOY());;2))};{""charttype""\""bar"";""max""\MAX(INDEX(GOOGLEFINANCE(""GS""; ""price""; HOY()-180; HOY());;2));""min""\MIN(INDEX(GOOGLEFINANCE(""GS""; ""price""; HOY()-180; HOY());;2));""color1""\""blue""})";"=SI(GOOGLEFINANCE(""GS""; ""price"") > PROMEDIO(MAX(INDEX(GOOGLEFINANCE(""GS""; ""price""; HOY()-180; HOY());;2)); MIN(INDEX(GOOGLEFINANCE(""GS""; ""price""; HOY()-180; HOY());;2))); ""Zona Alta""; ""Zona Baja"")";"=GOOGLEFINANCE(""GS""; ""marketcap"")";"=GOOGLEFINANCE(""GS""; ""eps"")";"=GOOGLEFINANCE(""GS""; ""pe"")";"=GOOGLEFINANCE(""GS""; ""beta"")";"=IFERROR(INDEX(IMPORTXML(""https://finance.yahoo.com/quote/""&""GS"",""//span[text()='Sector(s)']/following-sibling::span"");1);""-"")";"=IFERROR(INDEX(IMPORTXML(""https://finance.yahoo.com/quote/""&""GS"",""//span[text()='Industry']/following-sibling::span"");1);""-"")"
KO;"=GOOGLEFINANCE(""KO""; ""name"")";"=GOOGLEFINANCE(""KO"")";"=GOOGLEFINANCE(""KO""; ""changepct"")";"=SPARKLINE(GOOGLEFINANCE(""KO""; ""price""; HOY()-30; HOY()))";"=PROMEDIO(INDEX(GOOGLEFINANCE(""KO""; ""price""; HOY()-80; HOY());;2))";"=SPARKLINE({GOOGLEFINANCE(""KO"";""price""); MIN(INDEX(GOOGLEFINANCE(""KO""; ""price""; HOY()-180; HOY());;2)); MAX(INDEX(GOOGLEFINANCE(""KO""; ""price""; HOY()-180; HOY());;2))};{""charttype""\""bar"";""max""\MAX(INDEX(GOOGLEFINANCE(""KO""; ""price""; HOY()-180; HOY());;2));""min""\MIN(INDEX(GOOGLEFINANCE(""KO""; ""price""; HOY()-180; HOY());;2));""color1""\""blue""})";"=SI(GOOGLEFINANCE(""KO""; ""price"") > PROMEDIO(MAX(INDEX(GOOGLEFINANCE(""KO""; ""price""; HOY()-180; HOY());;2)); MIN(INDEX(GOOGLEFINANCE(""KO""; ""price""; HOY()-180; HOY());;2))); ""Zona Alta""; ""Zona Baja"")";"=GOOGLEFINANCE(""KO""; ""marketcap"")";"=GOOGLEFINANCE(""KO""; ""eps"")";"=GOOGLEFINANCE(""KO""; ""pe"")";"=GOOGLEFINANCE(""KO""; ""beta"")";"=IFERROR(INDEX(IMPORTXML(""https://finance.yahoo.com/quote/""&""KO"",""//span[text()='Sector(s)']/following-sibling::span"");1);""-"")";"=IFERROR(INDEX(IMPORTXML(""https://finance.yahoo.com/quote/""&""KO"",""//span[text()='Industry']/following-sibling::span"");1);""-"")"
PEP;"=GOOGLEFINANCE(""PEP""; ""name"")";"=GOOGLEFINANCE(""PEP"")";"=GOOGLEFINANCE(""PEP""; ""changepct"")";"=SPARKLINE(GOOGLEFINANCE(""PEP""; ""price""; HOY()-30; HOY()))";"=PROMEDIO(INDEX(GOOGLEFINANCE(""PEP""; ""price""; HOY()-80; HOY());;2))";"=SPARKLINE({GOOGLEFINANCE(""PEP"";""price""); MIN(INDEX(GOOGLEFINANCE(""PEP""; ""price""; HOY()-180; HOY());;2)); MAX(INDEX(GOOGLEFINANCE(""PEP""; ""price""; HOY()-180; HOY());;2))};{""charttype""\""bar"";""max""\MAX(INDEX(GOOGLEFINANCE(""PEP""; ""price""; HOY()-180; HOY());;2));""min""\MIN(INDEX(GOOGLEFINANCE(""PEP""; ""price""; HOY()-180; HOY());;2));""color1""\""blue""})";"=SI(GOOGLEFINANCE(""PEP""; ""price"") > PROMEDIO(MAX(INDEX(GOOGLEFINANCE(""PEP""; ""price""; HOY()-180; HOY());;2)); MIN(INDEX(GOOGLEFINANCE(""PEP""; ""price""; HOY()-180; HOY());;2))); ""Zona Alta""; ""Zona Baja"")";"=GOOGLEFINANCE(""PEP""; ""marketcap"")";"=GOOGLEFINANCE(""PEP""; ""eps"")";"=GOOGLEFINANCE(""PEP""; ""pe"")";"=GOOGLEFINANCE(""PEP""; ""beta"")";"=IFERROR(INDEX(IMPORTXML(""https://finance.yahoo.com/quote/""&""PEP"",""//span[text()='Sector(s)']/following-sibling::span"");1);""-"")";"=IFERROR(INDEX(IMPORTXML(""https://finance.yahoo.com/quote/""&""PEP"",""//span[text()='Industry']/following-sibling::span"");1);""-"")"
MCD;"=GOOGLEFINANCE(""MCD""; ""name"")";"=GOOGLEFINANCE(""MCD"")";"=GOOGLEFINANCE(""MCD""; ""changepct"")";"=SPARKLINE(GOOGLEFINANCE(""MCD""; ""price""; HOY()-30; HOY()))";"=PROMEDIO(INDEX(GOOGLEFINANCE(""MCD""; ""price""; HOY()-80; HOY());;2))";"=SPARKLINE({GOOGLEFINANCE(""MCD"";""price""); MIN(INDEX(GOOGLEFINANCE(""MCD""; ""price""; HOY()-180; HOY());;2)); MAX(INDEX(GOOGLEFINANCE(""MCD""; ""price""; HOY()-180; HOY());;2))};{""charttype""\""bar"";""max""\MAX(INDEX(GOOGLEFINANCE(""MCD""; ""price""; HOY()-180; HOY());;2));""min""\MIN(INDEX(GOOGLEFINANCE(""MCD""; ""price""; HOY()-180; HOY());;2));""color1""\""blue""})";"=SI(GOOGLEFINANCE(""MCD""; ""price"") > PROMEDIO(MAX(INDEX(GOOGLEFINANCE(""MCD""; ""price""; HOY()-180; HOY());;2)); MIN(INDEX(GOOGLEFINANCE(""MCD""; ""price""; HOY()-180; HOY());;2))); ""Zona Alta""; ""Zona Baja"")";"=GOOGLEFINANCE(""MCD""; ""marketcap"")";"=GOOGLEFINANCE(""MCD""; ""eps"")";"=GOOGLEFINANCE(""MCD""; ""pe"")";"=GOOGLEFINANCE(""MCD""; ""beta"")";"=IFERROR(INDEX(IMPORTXML(""https://finance.yahoo.com/quote/""&""MCD"",""//span[text()='Sector(s)']/following-sibling::span"");1);""-"")";"=IFERROR(INDEX(IMPORTXML(""https://finance.yahoo.com/quote/""&""MCD"",""//span[text()='Industry']/following-sibling::span"");1);""-"")"
WMT;"=GOOGLEFINANCE(""WMT""; ""name"")";"=GOOGLEFINANCE(""WMT"")";"=GOOGLEFINANCE(""WMT""; ""changepct"")";"=SPARKLINE(GOOGLEFINANCE(""WMT""; ""price""; HOY()-30; HOY()))";"=PROMEDIO(INDEX(GOOGLEFINANCE(""WMT""; ""price""; HOY()-80; HOY());;2))";"=SPARKLINE({GOOGLEFINANCE(""WMT"";""price""); MIN(INDEX(GOOGLEFINANCE(""WMT""; ""price""; HOY()-180; HOY());;2)); MAX(INDEX(GOOGLEFINANCE(""WMT""; ""price""; HOY()-180; HOY());;2))};{""charttype""\""bar"";""max""\MAX(INDEX(GOOGLEFINANCE(""WMT""; ""price""; HOY()-180; HOY());;2));""min""\MIN(INDEX(GOOGLEFINANCE(""WMT""; ""price""; HOY()-180; HOY());;2));""color1""\""blue""})";"=SI(GOOGLEFINANCE(""WMT""; ""price"") > PROMEDIO(MAX(INDEX(GOOGLEFINANCE(""WMT""; ""price""; HOY()-180; HOY());;2)); MIN(INDEX(GOOGLEFINANCE(""WMT""; ""price""; HOY()-180; HOY());;2))); ""Zona Alta""; ""Zona Baja"")";"=GOOGLEFINANCE(""WMT""; ""marketcap"")";"=GOOGLEFINANCE(""WMT""; ""eps"")";"=GOOGLEFINANCE(""WMT""; ""pe"")";"=GOOGLEFINANCE(""WMT""; ""beta"")";"=IFERROR(INDEX(IMPORTXML(""https://finance.yahoo.com/quote/""&""WMT"",""//span[text()='Sector(s)']/following-sibling::span"");1);""-"")";"=IFERROR(INDEX(IMPORTXML(""https://finance.yahoo.com/quote/""&""WMT"",""//span[text()='Industry']/following-sibling::span"");1);""-"")"
COST;"=GOOGLEFINANCE(""COST""; ""name"")";"=GOOGLEFINANCE(""COST"")";"=GOOGLEFINANCE(""COST""; ""changepct"")";"=SPARKLINE(GOOGLEFINANCE(""COST""; ""price""; HOY()-30; HOY()))";"=PROMEDIO(INDEX(GOOGLEFINANCE(""COST""; ""price""; HOY()-80; HOY());;2))";"=SPARKLINE({GOOGLEFINANCE(""COST"";""price""); MIN(INDEX(GOOGLEFINANCE(""COST""; ""price""; HOY()-180; HOY());;2)); MAX(INDEX(GOOGLEFINANCE(""COST""; ""price""; HOY()-180; HOY());;2))};{""charttype""\""bar"";""max""\MAX(INDEX(GOOGLEFINANCE(""COST""; ""price""; HOY()-180; HOY());;2));""min""\MIN(INDEX(GOOGLEFINANCE(""COST""; ""price""; HOY()-180; HOY());;2));""color1""\""blue""})";"=SI(GOOGLEFINANCE(""COST""; ""price"") > PROMEDIO(MAX(INDEX(GOOGLEFINANCE(""COST""; ""price""; HOY()-180; HOY());;2)); MIN(INDEX(GOOGLEFINANCE(""COST""; ""price""; HOY()-180; HOY());;2))); ""Zona Alta""; ""Zona Baja"")";"=GOOGLEFINANCE(""COST""; ""marketcap"")";"=GOOGLEFINANCE(""COST""; ""eps"")";"=GOOGLEFINANCE(""COST""; ""pe"")";"=GOOGLEFINANCE(""COST""; ""beta"")";"=IFERROR(INDEX(IMPORTXML(""https://finance.yahoo.com/quote/""&""COST"",""//span[text()='Sector(s)']/following-sibling::span"");1);""-"")";"=IFERROR(INDEX(IMPORTXML(""https://finance.yahoo.com/quote/""&""COST"",""//span[text()='Industry']/following-sibling::span"");1);""-"")"
PG;"=GOOGLEFINANCE(""PG""; ""name"")";"=GOOGLEFINANCE(""PG"")";"=GOOGLEFINANCE(""PG""; ""changepct"")";"=SPARKLINE(GOOGLEFINANCE(""PG""; ""price""; HOY()-30; HOY()))";"=PROMEDIO(INDEX(GOOGLEFINANCE(""PG""; ""price""; HOY()-80; HOY());;2))";"=SPARKLINE({GOOGLEFINANCE(""PG"";""price""); MIN(INDEX(GOOGLEFINANCE(""PG""; ""price""; HOY()-180; HOY());;2)); MAX(INDEX(GOOGLEFINANCE(""PG""; ""price""; HOY()-180; HOY());;2))};{""charttype""\""bar"";""max""\MAX(INDEX(GOOGLEFINANCE(""PG""; ""price""; HOY()-180; HOY());;2));""min""\MIN(INDEX(GOOGLEFINANCE(""PG""; ""price""; HOY()-180; HOY());;2));""color1""\""blue""})";"=SI(GOOGLEFINANCE(""PG""; ""price"") > PROMEDIO(MAX(INDEX(GOOGLEFINANCE(""PG""; ""price""; HOY()-180; HOY());;2)); MIN(INDEX(GOOGLEFINANCE(""PG""; ""price""; HOY()-180; HOY());;2))); ""Zona Alta""; ""Zona Baja"")";"=GOOGLEFINANCE(""PG""; ""marketcap"")";"=GOOGLEFINANCE(""PG""; ""eps"")";"=GOOGLEFINANCE(""PG""; ""pe"")";"=GOOGLEFINANCE(""PG""; ""beta"")";"=IFERROR(INDEX(IMPORTXML(""https://finance.yahoo.com/quote/""&""PG"",""//span[text()='Sector(s)']/following-sibling::span"");1);""-"")";"=IFERROR(INDEX(IMPORTXML(""https://finance.yahoo.com/quote/""&""PG"",""//span[text()='Industry']/following-sibling::span"");1);""-"")"
JNJ;"=GOOGLEFINANCE(""JNJ""; ""name"")";"=GOOGLEFINANCE(""JNJ"")";"=GOOGLEFINANCE(""JNJ""; ""changepct"")";"=SPARKLINE(GOOGLEFINANCE(""JNJ""; ""price""; HOY()-30; HOY()))";"=PROMEDIO(INDEX(GOOGLEFINANCE(""JNJ""; ""price""; HOY()-80; HOY());;2))";"=SPARKLINE({GOOGLEFINANCE(""JNJ"";""price""); MIN(INDEX(GOOGLEFINANCE(""JNJ""; ""price""; HOY()-180; HOY());;2)); MAX(INDEX(GOOGLEFINANCE(""JNJ""; ""price""; HOY()-180; HOY());;2))};{""charttype""\""bar"";""max""\MAX(INDEX(GOOGLEFINANCE(""JNJ""; ""price""; HOY()-180; HOY());;2));""min""\MIN(INDEX(GOOGLEFINANCE(""JNJ""; ""price""; HOY()-180; HOY());;2));""color1""\""blue""})";"=SI(GOOGLEFINANCE(""JNJ""; ""price"") > PROMEDIO(MAX(INDEX(GOOGLEFINANCE(""JNJ""; ""price""; HOY()-180; HOY());;2)); MIN(INDEX(GOOGLEFINANCE(""JNJ""; ""price""; HOY()-180; HOY());;2))); ""Zona Alta""; ""Zona Baja"")";"=GOOGLEFINANCE(""JNJ""; ""marketcap"")";"=GOOGLEFINANCE(""JNJ""; ""eps"")";"=GOOGLEFINANCE(""JNJ""; ""pe"")";"=GOOGLEFINANCE(""JNJ""; ""beta"")";"=IFERROR(INDEX(IMPORTXML(""https://finance.yahoo.com/quote/""&""JNJ"",""//span[text()='Sector(s)']/following-sibling::span"");1);""-"")";"=IFERROR(INDEX(IMPORTXML(""https://finance.yahoo.com/quote/""&""JNJ"",""//span[text()='Industry']/following-sibling::span"");1);""-"")"
PFE;"=GOOGLEFINANCE(""PFE""; ""name"")";"=GOOGLEFINANCE(""PFE"")";"=GOOGLEFINANCE(""PFE""; ""changepct"")";"=SPARKLINE(GOOGLEFINANCE(""PFE""; ""price""; HOY()-30; HOY()))";"=PROMEDIO(INDEX(GOOGLEFINANCE(""PFE""; ""price""; HOY()-80; HOY());;2))";"=SPARKLINE({GOOGLEFINANCE(""PFE"";""price""); MIN(INDEX(GOOGLEFINANCE(""PFE""; ""price""; HOY()-180; HOY());;2)); MAX(INDEX(GOOGLEFINANCE(""PFE""; ""price""; HOY()-180; HOY());;2))};{""charttype""\""bar"";""max""\MAX(INDEX(GOOGLEFINANCE(""PFE""; ""price""; HOY()-180; HOY());;2));""min""\MIN(INDEX(GOOGLEFINANCE(""PFE""; ""price""; HOY()-180; HOY());;2));""color1""\""blue""})";"=SI(GOOGLEFINANCE(""PFE""; ""price"") > PROMEDIO(MAX(INDEX(GOOGLEFINANCE(""PFE""; ""price""; HOY()-180; HOY());;2)); MIN(INDEX(GOOGLEFINANCE(""PFE""; ""price""; HOY()-180; HOY());;2))); ""Zona Alta""; ""Zona Baja"")";"=GOOGLEFINANCE(""PFE""; ""marketcap"")";"=GOOGLEFINANCE(""PFE""; ""eps"")";"=GOOGLEFINANCE(""PFE""; ""pe"")";"=GOOGLEFINANCE(""PFE""; ""beta"")";"=IFERROR(INDEX(IMPORTXML(""https://finance.yahoo.com/quote/""&""PFE"",""//span[text()='Sector(s)']/following-sibling::span"");1);""-"")";"=IFERROR(INDEX(IMPORTXML(""https://finance.yahoo.com/quote/""&""PFE"",""//span[text()='Industry']/following-sibling::span"");1);""-"")"
LLY;"=GOOGLEFINANCE(""LLY""; ""name"")";"=GOOGLEFINANCE(""LLY"")";"=GOOGLEFINANCE(""LLY""; ""changepct"")";"=SPARKLINE(GOOGLEFINANCE(""LLY""; ""price""; HOY()-30; HOY()))";"=PROMEDIO(INDEX(GOOGLEFINANCE(""LLY""; ""price""; HOY()-80; HOY());;2))";"=SPARKLINE({GOOGLEFINANCE(""LLY"";""price""); MIN(INDEX(GOOGLEFINANCE(""LLY""; ""price""; HOY()-180; HOY());;2)); MAX(INDEX(GOOGLEFINANCE(""LLY""; ""price""; HOY()-180; HOY());;2))};{""charttype""\""bar"";""max""\MAX(INDEX(GOOGLEFINANCE(""LLY""; ""price""; HOY()-180; HOY());;2));""min""\MIN(INDEX(GOOGLEFINANCE(""LLY""; ""price""; HOY()-180; HOY());;2));""color1""\""blue""})";"=SI(GOOGLEFINANCE(""LLY""; ""price"") > PROMEDIO(MAX(INDEX(GOOGLEFINANCE(""LLY""; ""price""; HOY()-180; HOY());;2)); MIN(INDEX(GOOGLEFINANCE(""LLY""; ""price""; HOY()-180; HOY());;2))); ""Zona Alta""; ""Zona Baja"")";"=GOOGLEFINANCE(""LLY""; ""marketcap"")";"=GOOGLEFINANCE(""LLY""; ""eps"")";"=GOOGLEFINANCE(""LLY""; ""pe"")";"=GOOGLEFINANCE(""LLY""; ""beta"")";"=IFERROR(INDEX(IMPORTXML(""https://finance.yahoo.com/quote/""&""LLY"",""//span[text()='Sector(s)']/following-sibling::span"");1);""-"")";"=IFERROR(INDEX(IMPORTXML(""https://finance.yahoo.com/quote/""&""LLY"",""//span[text()='Industry']/following-sibling::span"");1);""-"")"
XOM;"=GOOGLEFINANCE(""XOM""; ""name"")";"=GOOGLEFINANCE(""XOM"")";"=GOOGLEFINANCE(""XOM""; ""changepct"")";"=SPARKLINE(GOOGLEFINANCE(""XOM""; ""price""; HOY()-30; HOY()))";"=PROMEDIO(INDEX(GOOGLEFINANCE(""XOM""; ""price""; HOY()-80; HOY());;2))";"=SPARKLINE({GOOGLEFINANCE(""XOM"";""price""); MIN(INDEX(GOOGLEFINANCE(""XOM""; ""price""; HOY()-180; HOY());;2)); MAX(INDEX(GOOGLEFINANCE(""XOM""; ""price""; HOY()-180; HOY());;2))};{""charttype""\""bar"";""max""\MAX(INDEX(GOOGLEFINANCE(""XOM""; ""price""; HOY()-180; HOY());;2));""min""\MIN(INDEX(GOOGLEFINANCE(""XOM""; ""price""; HOY()-180; HOY());;2));""color1""\""blue""})";"=SI(GOOGLEFINANCE(""XOM""; ""price"") > PROMEDIO(MAX(INDEX(GOOGLEFINANCE(""XOM""; ""price""; HOY()-180; HOY());;2)); MIN(INDEX(GOOGLEFINANCE(""XOM""; ""price""; HOY()-180; HOY());;2))); ""Zona Alta""; ""Zona Baja"")";"=GOOGLEFINANCE(""XOM""; ""marketcap"")";"=GOOGLEFINANCE(""XOM""; ""eps"")";"=GOOGLEFINANCE(""XOM""; ""pe"")";"=GOOGLEFINANCE(""XOM""; ""beta"")";"=IFERROR(INDEX(IMPORTXML(""https://finance.yahoo.com/quote/""&""XOM"",""//span[text()='Sector(s)']/following-sibling::span"");1);""-"")";"=IFERROR(INDEX(IMPORTXML(""https://finance.yahoo.com/quote/""&""XOM"",""//span[text()='Industry']/following-sibling::span"");1);""-"")"
CVX;"=GOOGLEFINANCE(""CVX""; ""name"")";"=GOOGLEFINANCE(""CVX"")";"=GOOGLEFINANCE(""CVX""; ""changepct"")";"=SPARKLINE(GOOGLEFINANCE(""CVX""; ""price""; HOY()-30; HOY()))";"=PROMEDIO(INDEX(GOOGLEFINANCE(""CVX""; ""price""; HOY()-80; HOY());;2))";"=SPARKLINE({GOOGLEFINANCE(""CVX"";""price""); MIN(INDEX(GOOGLEFINANCE(""CVX""; ""price""; HOY()-180; HOY());;2)); MAX(INDEX(GOOGLEFINANCE(""CVX""; ""price""; HOY()-180; HOY());;2))};{""charttype""\""bar"";""max""\MAX(INDEX(GOOGLEFINANCE(""CVX""; ""price""; HOY()-180; HOY());;2));""min""\MIN(INDEX(GOOGLEFINANCE(""CVX""; ""price""; HOY()-180; HOY());;2));""color1""\""blue""})";"=SI(GOOGLEFINANCE(""CVX""; ""price"") > PROMEDIO(MAX(INDEX(GOOGLEFINANCE(""CVX""; ""price""; HOY()-180; HOY());;2)); MIN(INDEX(GOOGLEFINANCE(""CVX""; ""price""; HOY()-180; HOY());;2))); ""Zona Alta""; ""Zona Baja"")";"=GOOGLEFINANCE(""CVX""; ""marketcap"")";"=GOOGLEFINANCE(""CVX""; ""eps"")";"=GOOGLEFINANCE(""CVX""; ""pe"")";"=GOOGLEFINANCE(""CVX""; ""beta"")";"=IFERROR(INDEX(IMPORTXML(""https://finance.yahoo.com/quote/""&""CVX"",""//span[text()='Sector(s)']/following-sibling::span"");1);""-"")";"=IFERROR(INDEX(IMPORTXML(""https://finance.yahoo.com/quote/""&""CVX"",""//span[text()='Industry']/following-sibling::span"");1);""-"")"
COP;"=GOOGLEFINANCE(""COP""; ""name"")";"=GOOGLEFINANCE(""COP"")";"=GOOGLEFINANCE(""COP""; ""changepct"")";"=SPARKLINE(GOOGLEFINANCE(""COP""; ""price""; HOY()-30; HOY()))";"=PROMEDIO(INDEX(GOOGLEFINANCE(""COP""; ""price""; HOY()-80; HOY());;2))";"=SPARKLINE({GOOGLEFINANCE(""COP"";""price""); MIN(INDEX(GOOGLEFINANCE(""COP""; ""price""; HOY()-180; HOY());;2)); MAX(INDEX(GOOGLEFINANCE(""COP""; ""price""; HOY()-180; HOY());;2))};{""charttype""\""bar"";""max""\MAX(INDEX(GOOGLEFINANCE(""COP""; ""price""; HOY()-180; HOY());;2));""min""\MIN(INDEX(GOOGLEFINANCE(""COP""; ""price""; HOY()-180; HOY());;2));""color1""\""blue""})";"=SI(GOOGLEFINANCE(""COP""; ""price"") > PROMEDIO(MAX(INDEX(GOOGLEFINANCE(""COP""; ""price""; HOY()-180; HOY());;2)); MIN(INDEX(GOOGLEFINANCE(""COP""; ""price""; HOY()-180; HOY());;2))); ""Zona Alta""; ""Zona Baja"")";"=GOOGLEFINANCE(""COP""; ""marketcap"")";"=GOOGLEFINANCE(""COP""; ""eps"")";"=GOOGLEFINANCE(""COP""; ""pe"")";"=GOOGLEFINANCE(""COP""; ""beta"")";"=IFERROR(INDEX(IMPORTXML(""https://finance.yahoo.com/quote/""&""COP"",""//span[text()='Sector(s)']/following-sibling::span"");1);""-"")";"=IFERROR(INDEX(IMPORTXML(""https://finance.yahoo.com/quote/""&""COP"",""//span[text()='Industry']/following-sibling::span"");1);""-"")"
SLB;"=GOOGLEFINANCE(""SLB""; ""name"")";"=GOOGLEFINANCE(""SLB"")";"=GOOGLEFINANCE(""SLB""; ""changepct"")";"=SPARKLINE(GOOGLEFINANCE(""SLB""; ""price""; HOY()-30; HOY()))";"=PROMEDIO(INDEX(GOOGLEFINANCE(""SLB""; ""price""; HOY()-80; HOY());;2))";"=SPARKLINE({GOOGLEFINANCE(""SLB"";""price""); MIN(INDEX(GOOGLEFINANCE(""SLB""; ""price""; HOY()-180; HOY());;2)); MAX(INDEX(GOOGLEFINANCE(""SLB""; ""price""; HOY()-180; HOY());;2))};{""charttype""\""bar"";""max""\MAX(INDEX(GOOGLEFINANCE(""SLB""; ""price""; HOY()-180; HOY());;2));""min""\MIN(INDEX(GOOGLEFINANCE(""SLB""; ""price""; HOY()-180; HOY());;2));""color1""\""blue""})";"=SI(GOOGLEFINANCE(""SLB""; ""price"") > PROMEDIO(MAX(INDEX(GOOGLEFINANCE(""SLB""; ""price""; HOY()-180; HOY());;2)); MIN(INDEX(GOOGLEFINANCE(""SLB""; ""price""; HOY()-180; HOY());;2))); ""Zona Alta""; ""Zona Baja"")";"=GOOGLEFINANCE(""SLB""; ""marketcap"")";"=GOOGLEFINANCE(""SLB""; ""eps"")";"=GOOGLEFINANCE(""SLB""; ""pe"")";"=GOOGLEFINANCE(""SLB""; ""beta"")";"=IFERROR(INDEX(IMPORTXML(""https://finance.yahoo.com/quote/""&""SLB"",""//span[text()='Sector(s)']/following-sibling::span"");1);""-"")";"=IFERROR(INDEX(IMPORTXML(""https://finance.yahoo.com/quote/""&""SLB"",""//span[text()='Industry']/following-sibling::span"");1);""-"")"
DIS;"=GOOGLEFINANCE(""DIS""; ""name"")";"=GOOGLEFINANCE(""DIS"")";"=GOOGLEFINANCE(""DIS""; ""changepct"")";"=SPARKLINE(GOOGLEFINANCE(""DIS""; ""price""; HOY()-30; HOY()))";"=PROMEDIO(INDEX(GOOGLEFINANCE(""DIS""; ""price""; HOY()-80; HOY());;2))";"=SPARKLINE({GOOGLEFINANCE(""DIS"";""price""); MIN(INDEX(GOOGLEFINANCE(""DIS""; ""price""; HOY()-180; HOY());;2)); MAX(INDEX(GOOGLEFINANCE(""DIS""; ""price""; HOY()-180; HOY());;2))};{""charttype""\""bar"";""max""\MAX(INDEX(GOOGLEFINANCE(""DIS""; ""price""; HOY()-180; HOY());;2));""min""\MIN(INDEX(GOOGLEFINANCE(""DIS""; ""price""; HOY()-180; HOY());;2));""color1""\""blue""})";"=SI(GOOGLEFINANCE(""DIS""; ""price"") > PROMEDIO(MAX(INDEX(GOOGLEFINANCE(""DIS""; ""price""; HOY()-180; HOY());;2)); MIN(INDEX(GOOGLEFINANCE(""DIS""; ""price""; HOY()-180; HOY());;2))); ""Zona Alta""; ""Zona Baja"")";"=GOOGLEFINANCE(""DIS""; ""marketcap"")";"=GOOGLEFINANCE(""DIS""; ""eps"")";"=GOOGLEFINANCE(""DIS""; ""pe"")";"=GOOGLEFINANCE(""DIS""; ""beta"")";"=IFERROR(INDEX(IMPORTXML(""https://finance.yahoo.com/quote/""&""DIS"",""//span[text()='Sector(s)']/following-sibling::span"");1);""-"")";"=IFERROR(INDEX(IMPORTXML(""https://finance.yahoo.com/quote/""&""DIS"",""//span[text()='Industry']/following-sibling::span"");1);""-"")"
NFLX;"=GOOGLEFINANCE(""NFLX""; ""name"")";"=GOOGLEFINANCE(""NFLX"")";"=GOOGLEFINANCE(""NFLX""; ""changepct"")";"=SPARKLINE(GOOGLEFINANCE(""NFLX""; ""price""; HOY()-30; HOY()))";"=PROMEDIO(INDEX(GOOGLEFINANCE(""NFLX""; ""price""; HOY()-80; HOY());;2))";"=SPARKLINE({GOOGLEFINANCE(""NFLX"";""price""); MIN(INDEX(GOOGLEFINANCE(""NFLX""; ""price""; HOY()-180; HOY());;2)); MAX(INDEX(GOOGLEFINANCE(""NFLX""; ""price""; HOY()-180; HOY());;2))};{""charttype""\""bar"";""max""\MAX(INDEX(GOOGLEFINANCE(""NFLX""; ""price""; HOY()-180; HOY());;2));""min""\MIN(INDEX(GOOGLEFINANCE(""NFLX""; ""price""; HOY()-180; HOY());;2));""color1""\""blue""})";"=SI(GOOGLEFINANCE(""NFLX""; ""price"") > PROMEDIO(MAX(INDEX(GOOGLEFINANCE(""NFLX""; ""price""; HOY()-180; HOY());;2)); MIN(INDEX(GOOGLEFINANCE(""NFLX""; ""price""; HOY()-180; HOY());;2))); ""Zona Alta""; ""Zona Baja"")";"=GOOGLEFINANCE(""NFLX""; ""marketcap"")";"=GOOGLEFINANCE(""NFLX""; ""eps"")";"=GOOGLEFINANCE(""NFLX""; ""pe"")";"=GOOGLEFINANCE(""NFLX""; ""beta"")";"=IFERROR(INDEX(IMPORTXML(""https://finance.yahoo.com/quote/""&""NFLX"",""//span[text()='Sector(s)']/following-sibling::span"");1);""-"")";"=IFERROR(INDEX(IMPORTXML(""https://finance.yahoo.com/quote/""&""NFLX"",""//span[text()='Industry']/following-sibling::span"");1);""-"")"
SPOT;"=GOOGLEFINANCE(""SPOT""; ""name"")";"=GOOGLEFINANCE(""SPOT"")";"=GOOGLEFINANCE(""SPOT""; ""changepct"")";"=SPARKLINE(GOOGLEFINANCE(""SPOT""; ""price""; HOY()-30; HOY()))";"=PROMEDIO(INDEX(GOOGLEFINANCE(""SPOT""; ""price""; HOY()-80; HOY());;2))";"=SPARKLINE({GOOGLEFINANCE(""SPOT"";""price""); MIN(INDEX(GOOGLEFINANCE(""SPOT""; ""price""; HOY()-180; HOY());;2)); MAX(INDEX(GOOGLEFINANCE(""SPOT""; ""price""; HOY()-180; HOY());;2))};{""charttype""\""bar"";""max""\MAX(INDEX(GOOGLEFINANCE(""SPOT""; ""price""; HOY()-180; HOY());;2));""min""\MIN(INDEX(GOOGLEFINANCE(""SPOT""; ""price""; HOY()-180; HOY());;2));""color1""\""blue""})";"=SI(GOOGLEFINANCE(""SPOT""; ""price"") > PROMEDIO(MAX(INDEX(GOOGLEFINANCE(""SPOT""; ""price""; HOY()-180; HOY());;2)); MIN(INDEX(GOOGLEFINANCE(""SPOT""; ""price""; HOY()-180; HOY());;2))); ""Zona Alta""; ""Zona Baja"")";"=GOOGLEFINANCE(""SPOT""; ""marketcap"")";"=GOOGLEFINANCE(""SPOT""; ""eps"")";"=GOOGLEFINANCE(""SPOT""; ""pe"")";"=GOOGLEFINANCE(""SPOT""; ""beta"")";"=IFERROR(INDEX(IMPORTXML(""https://finance.yahoo.com/quote/""&""SPOT"",""//span[text()='Sector(s)']/following-sibling::span"");1);""-"")";"=IFERROR(INDEX(IMPORTXML(""https://finance.yahoo.com/quote/""&""SPOT"",""//span[text()='Industry']/following-sibling::span"");1);""-"")"
UBER;"=GOOGLEFINANCE(""UBER""; ""name"")";"=GOOGLEFINANCE(""UBER"")";"=GOOGLEFINANCE(""UBER""; ""changepct"")";"=SPARKLINE(GOOGLEFINANCE(""UBER""; ""price""; HOY()-30; HOY()))";"=PROMEDIO(INDEX(GOOGLEFINANCE(""UBER""; ""price""; HOY()-80; HOY());;2))";"=SPARKLINE({GOOGLEFINANCE(""UBER"";""price""); MIN(INDEX(GOOGLEFINANCE(""UBER""; ""price""; HOY()-180; HOY());;2)); MAX(INDEX(GOOGLEFINANCE(""UBER""; ""price""; HOY()-180; HOY());;2))};{""charttype""\""bar"";""max""\MAX(INDEX(GOOGLEFINANCE(""UBER""; ""price""; HOY()-180; HOY());;2));""min""\MIN(INDEX(GOOGLEFINANCE(""UBER""; ""price""; HOY()-180; HOY());;2));""color1""\""blue""})";"=SI(GOOGLEFINANCE(""UBER""; ""price"") > PROMEDIO(MAX(INDEX(GOOGLEFINANCE(""UBER""; ""price""; HOY()-180; HOY());;2)); MIN(INDEX(GOOGLEFINANCE(""UBER""; ""price""; HOY()-180; HOY());;2))); ""Zona Alta""; ""Zona Baja"")";"=GOOGLEFINANCE(""UBER""; ""marketcap"")";"=GOOGLEFINANCE(""UBER""; ""eps"")";"=GOOGLEFINANCE(""UBER""; ""pe"")";"=GOOGLEFINANCE(""UBER""; ""beta"")";"=IFERROR(INDEX(IMPORTXML(""https://finance.yahoo.com/quote/""&""UBER"",""//span[text()='Sector(s)']/following-sibling::span"");1);""-"")";"=IFERROR(INDEX(IMPORTXML(""https://finance.yahoo.com/quote/""&""UBER"",""//span[text()='Industry']/following-sibling::span"");1);""-"")"
ABNB;"=GOOGLEFINANCE(""ABNB""; ""name"")";"=GOOGLEFINANCE(""ABNB"")";"=GOOGLEFINANCE(""ABNB""; ""changepct"")";"=SPARKLINE(GOOGLEFINANCE(""ABNB""; ""price""; HOY()-30; HOY()))";"=PROMEDIO(INDEX(GOOGLEFINANCE(""ABNB""; ""price""; HOY()-80; HOY());;2))";"=SPARKLINE({GOOGLEFINANCE(""ABNB"";""price""); MIN(INDEX(GOOGLEFINANCE(""ABNB""; ""price""; HOY()-180; HOY());;2)); MAX(INDEX(GOOGLEFINANCE(""ABNB""; ""price""; HOY()-180; HOY());;2))};{""charttype""\""bar"";""max""\MAX(INDEX(GOOGLEFINANCE(""ABNB""; ""price""; HOY()-180; HOY());;2));""min""\MIN(INDEX(GOOGLEFINANCE(""ABNB""; ""price""; HOY()-180; HOY());;2));""color1""\""blue""})";"=SI(GOOGLEFINANCE(""ABNB""; ""price"") > PROMEDIO(MAX(INDEX(GOOGLEFINANCE(""ABNB""; ""price""; HOY()-180; HOY());;2)); MIN(INDEX(GOOGLEFINANCE(""ABNB""; ""price""; HOY()-180; HOY());;2))); ""Zona Alta""; ""Zona Baja"")";"=GOOGLEFINANCE(""ABNB""; ""marketcap"")";"=GOOGLEFINANCE(""ABNB""; ""eps"")";"=GOOGLEFINANCE(""ABNB""; ""pe"")";"=GOOGLEFINANCE(""ABNB""; ""beta"")";"=IFERROR(INDEX(IMPORTXML(""https://finance.yahoo.com/quote/""&""ABNB"",""//span[text()='Sector(s)']/following-sibling::span"");1);""-"")";"=IFERROR(INDEX(IMPORTXML(""https://finance.yahoo.com/quote/""&""ABNB"",""//span[text()='Industry']/following-sibling::span"");1);""-"")"
BKNG;"=GOOGLEFINANCE(""BKNG""; ""name"")";"=GOOGLEFINANCE(""BKNG"")";"=GOOGLEFINANCE(""BKNG""; ""changepct"")";"=SPARKLINE(GOOGLEFINANCE(""BKNG""; ""price""; HOY()-30; HOY()))";"=PROMEDIO(INDEX(GOOGLEFINANCE(""BKNG""; ""price""; HOY()-80; HOY());;2))";"=SPARKLINE({GOOGLEFINANCE(""BKNG"";""price""); MIN(INDEX(GOOGLEFINANCE(""BKNG""; ""price""; HOY()-180; HOY());;2)); MAX(INDEX(GOOGLEFINANCE(""BKNG""; ""price""; HOY()-180; HOY());;2))};{""charttype""\""bar"";""max""\MAX(INDEX(GOOGLEFINANCE(""BKNG""; ""price""; HOY()-180; HOY());;2));""min""\MIN(INDEX(GOOGLEFINANCE(""BKNG""; ""price""; HOY()-180; HOY());;2));""color1""\""blue""})";"=SI(GOOGLEFINANCE(""BKNG""; ""price"") > PROMEDIO(MAX(INDEX(GOOGLEFINANCE(""BKNG""; ""price""; HOY()-180; HOY());;2)); MIN(INDEX(GOOGLEFINANCE(""BKNG""; ""price""; HOY()-180; HOY());;2))); ""Zona Alta""; ""Zona Baja"")";"=GOOGLEFINANCE(""BKNG""; ""marketcap"")";"=GOOGLEFINANCE(""BKNG""; ""eps"")";"=GOOGLEFINANCE(""BKNG""; ""pe"")";"=GOOGLEFINANCE(""BKNG""; ""beta"")";"=IFERROR(INDEX(IMPORTXML(""https://finance.yahoo.com/quote/""&""BKNG"",""//span[text()='Sector(s)']/following-sibling::span"");1);""-"")";"=IFERROR(INDEX(IMPORTXML(""https://finance.yahoo.com/quote/""&""BKNG"",""//span[text()='Industry']/following-sibling::span"");1);""-"")"
CAT;"=GOOGLEFINANCE(""CAT""; ""name"")";"=GOOGLEFINANCE(""CAT"")";"=GOOGLEFINANCE(""CAT""; ""changepct"")";"=SPARKLINE(GOOGLEFINANCE(""CAT""; ""price""; HOY()-30; HOY()))";"=PROMEDIO(INDEX(GOOGLEFINANCE(""CAT""; ""price""; HOY()-80; HOY());;2))";"=SPARKLINE({GOOGLEFINANCE(""CAT"";""price""); MIN(INDEX(GOOGLEFINANCE(""CAT""; ""price""; HOY()-180; HOY());;2)); MAX(INDEX(GOOGLEFINANCE(""CAT""; ""price""; HOY()-180; HOY());;2))};{""charttype""\""bar"";""max""\MAX(INDEX(GOOGLEFINANCE(""CAT""; ""price""; HOY()-180; HOY());;2));""min""\MIN(INDEX(GOOGLEFINANCE(""CAT""; ""price""; HOY()-180; HOY());;2));""color1""\""blue""})";"=SI(GOOGLEFINANCE(""CAT""; ""price"") > PROMEDIO(MAX(INDEX(GOOGLEFINANCE(""CAT""; ""price""; HOY()-180; HOY());;2)); MIN(INDEX(GOOGLEFINANCE(""CAT""; ""price""; HOY()-180; HOY());;2))); ""Zona Alta""; ""Zona Baja"")";"=GOOGLEFINANCE(""CAT""; ""marketcap"")";"=GOOGLEFINANCE(""CAT""; ""eps"")";"=GOOGLEFINANCE(""CAT""; ""pe"")";"=GOOGLEFINANCE(""CAT""; ""beta"")";"=IFERROR(INDEX(IMPORTXML(""https://finance.yahoo.com/quote/""&""CAT"",""//span[text()='Sector(s)']/following-sibling::span"");1);""-"")";"=IFERROR(INDEX(IMPORTXML(""https://finance.yahoo.com/quote/""&""CAT"",""//span[text()='Industry']/following-sibling::span"");1);""-"")"
DE;"=GOOGLEFINANCE(""DE""; ""name"")";"=GOOGLEFINANCE(""DE"")";"=GOOGLEFINANCE(""DE""; ""changepct"")";"=SPARKLINE(GOOGLEFINANCE(""DE""; ""price""; HOY()-30; HOY()))";"=PROMEDIO(INDEX(GOOGLEFINANCE(""DE""; ""price""; HOY()-80; HOY());;2))";"=SPARKLINE({GOOGLEFINANCE(""DE"";""price""); MIN(INDEX(GOOGLEFINANCE(""DE""; ""price""; HOY()-180; HOY());;2)); MAX(INDEX(GOOGLEFINANCE(""DE""; ""price""; HOY()-180; HOY());;2))};{""charttype""\""bar"";""max""\MAX(INDEX(GOOGLEFINANCE(""DE""; ""price""; HOY()-180; HOY());;2));""min""\MIN(INDEX(GOOGLEFINANCE(""DE""; ""price""; HOY()-180; HOY());;2));""color1""\""blue""})";"=SI(GOOGLEFINANCE(""DE""; ""price"") > PROMEDIO(MAX(INDEX(GOOGLEFINANCE(""DE""; ""price""; HOY()-180; HOY());;2)); MIN(INDEX(GOOGLEFINANCE(""DE""; ""price""; HOY()-180; HOY());;2))); ""Zona Alta""; ""Zona Baja"")";"=GOOGLEFINANCE(""DE""; ""marketcap"")";"=GOOGLEFINANCE(""DE""; ""eps"")";"=GOOGLEFINANCE(""DE""; ""pe"")";"=GOOGLEFINANCE(""DE""; ""beta"")";"=IFERROR(INDEX(IMPORTXML(""https://finance.yahoo.com/quote/""&""DE"",""//span[text()='Sector(s)']/following-sibling::span"");1);""-"")";"=IFERROR(INDEX(IMPORTXML(""https://finance.yahoo.com/quote/""&""DE"",""//span[text()='Industry']/following-sibling::span"");1);""-"")"
BA;"=GOOGLEFINANCE(""BA""; ""name"")";"=GOOGLEFINANCE(""BA"")";"=GOOGLEFINANCE(""BA""; ""changepct"")";"=SPARKLINE(GOOGLEFINANCE(""BA""; ""price""; HOY()-30; HOY()))";"=PROMEDIO(INDEX(GOOGLEFINANCE(""BA""; ""price""; HOY()-80; HOY());;2))";"=SPARKLINE({GOOGLEFINANCE(""BA"";""price""); MIN(INDEX(GOOGLEFINANCE(""BA""; ""price""; HOY()-180; HOY());;2)); MAX(INDEX(GOOGLEFINANCE(""BA""; ""price""; HOY()-180; HOY());;2))};{""charttype""\""bar"";""max""\MAX(INDEX(GOOGLEFINANCE(""BA""; ""price""; HOY()-180; HOY());;2));""min""\MIN(INDEX(GOOGLEFINANCE(""BA""; ""price""; HOY()-180; HOY());;2));""color1""\""blue""})";"=SI(GOOGLEFINANCE(""BA""; ""price"") > PROMEDIO(MAX(INDEX(GOOGLEFINANCE(""BA""; ""price""; HOY()-180; HOY());;2)); MIN(INDEX(GOOGLEFINANCE(""BA""; ""price""; HOY()-180; HOY());;2))); ""Zona Alta""; ""Zona Baja"")";"=GOOGLEFINANCE(""BA""; ""marketcap"")";"=GOOGLEFINANCE(""BA""; ""eps"")";"=GOOGLEFINANCE(""BA""; ""pe"")";"=GOOGLEFINANCE(""BA""; ""beta"")";"=IFERROR(INDEX(IMPORTXML(""https://finance.yahoo.com/quote/""&""BA"",""//span[text()='Sector(s)']/following-sibling::span"");1);""-"")";"=IFERROR(INDEX(IMPORTXML(""https://finance.yahoo.com/quote/""&""BA"",""//span[text()='Industry']/following-sibling::span"");1);""-"")"
LMT;"=GOOGLEFINANCE(""LMT""; ""name"")";"=GOOGLEFINANCE(""LMT"")";"=GOOGLEFINANCE(""LMT""; ""changepct"")";"=SPARKLINE(GOOGLEFINANCE(""LMT""; ""price""; HOY()-30; HOY()))";"=PROMEDIO(INDEX(GOOGLEFINANCE(""LMT""; ""price""; HOY()-80; HOY());;2))";"=SPARKLINE({GOOGLEFINANCE(""LMT"";""price""); MIN(INDEX(GOOGLEFINANCE(""LMT""; ""price""; HOY()-180; HOY());;2)); MAX(INDEX(GOOGLEFINANCE(""LMT""; ""price""; HOY()-180; HOY());;2))};{""charttype""\""bar"";""max""\MAX(INDEX(GOOGLEFINANCE(""LMT""; ""price""; HOY()-180; HOY());;2));""min""\MIN(INDEX(GOOGLEFINANCE(""LMT""; ""price""; HOY()-180; HOY());;2));""color1""\""blue""})";"=SI(GOOGLEFINANCE(""LMT""; ""price"") > PROMEDIO(MAX(INDEX(GOOGLEFINANCE(""LMT""; ""price""; HOY()-180; HOY());;2)); MIN(INDEX(GOOGLEFINANCE(""LMT""; ""price""; HOY()-180; HOY());;2))); ""Zona Alta""; ""Zona Baja"")";"=GOOGLEFINANCE(""LMT""; ""marketcap"")";"=GOOGLEFINANCE(""LMT""; ""eps"")";"=GOOGLEFINANCE(""LMT""; ""pe"")";"=GOOGLEFINANCE(""LMT""; ""beta"")";"=IFERROR(INDEX(IMPORTXML(""https://finance.yahoo.com/quote/""&""LMT"",""//span[text()='Sector(s)']/following-sibling::span"");1);""-"")";"=IFERROR(INDEX(IMPORTXML(""https://finance.yahoo.com/quote/""&""LMT"",""//span[text()='Industry']/following-sibling::span"");1);""-"")"
GE;"=GOOGLEFINANCE(""GE""; ""name"")";"=GOOGLEFINANCE(""GE"")";"=GOOGLEFINANCE(""GE""; ""changepct"")";"=SPARKLINE(GOOGLEFINANCE(""GE""; ""price""; HOY()-30; HOY()))";"=PROMEDIO(INDEX(GOOGLEFINANCE(""GE""; ""price""; HOY()-80; HOY());;2))";"=SPARKLINE({GOOGLEFINANCE(""GE"";""price""); MIN(INDEX(GOOGLEFINANCE(""GE""; ""price""; HOY()-180; HOY());;2)); MAX(INDEX(GOOGLEFINANCE(""GE""; ""price""; HOY()-180; HOY());;2))};{""charttype""\""bar"";""max""\MAX(INDEX(GOOGLEFINANCE(""GE""; ""price""; HOY()-180; HOY());;2));""min""\MIN(INDEX(GOOGLEFINANCE(""GE""; ""price""; HOY()-180; HOY());;2));""color1""\""blue""})";"=SI(GOOGLEFINANCE(""GE""; ""price"") > PROMEDIO(MAX(INDEX(GOOGLEFINANCE(""GE""; ""price""; HOY()-180; HOY());;2)); MIN(INDEX(GOOGLEFINANCE(""GE""; ""price""; HOY()-180; HOY());;2))); ""Zona Alta""; ""Zona Baja"")";"=GOOGLEFINANCE(""GE""; ""marketcap"")";"=GOOGLEFINANCE(""GE""; ""eps"")";"=GOOGLEFINANCE(""GE""; ""pe"")";"=GOOGLEFINANCE(""GE""; ""beta"")";"=IFERROR(INDEX(IMPORTXML(""https://finance.yahoo.com/quote/""&""GE"",""//span[text()='Sector(s)']/following-sibling::span"");1);""-"")";"=IFERROR(INDEX(IMPORTXML(""https://finance.yahoo.com/quote/""&""GE"",""//span[text()='Industry']/following-sibling::span"");1);""-"")"
PLTR;"=GOOGLEFINANCE(""PLTR""; ""name"")";"=GOOGLEFINANCE(""PLTR"")";"=GOOGLEFINANCE(""PLTR""; ""changepct"")";"=SPARKLINE(GOOGLEFINANCE(""PLTR""; ""price""; HOY()-30; HOY()))";"=PROMEDIO(INDEX(GOOGLEFINANCE(""PLTR""; ""price""; HOY()-80; HOY());;2))";"=SPARKLINE({GOOGLEFINANCE(""PLTR"";""price""); MIN(INDEX(GOOGLEFINANCE(""PLTR""; ""price""; HOY()-180; HOY());;2)); MAX(INDEX(GOOGLEFINANCE(""PLTR""; ""price""; HOY()-180; HOY());;2))};{""charttype""\""bar"";""max""\MAX(INDEX(GOOGLEFINANCE(""PLTR""; ""price""; HOY()-180; HOY());;2));""min""\MIN(INDEX(GOOGLEFINANCE(""PLTR""; ""price""; HOY()-180; HOY());;2));""color1""\""blue""})";"=SI(GOOGLEFINANCE(""PLTR""; ""price"") > PROMEDIO(MAX(INDEX(GOOGLEFINANCE(""PLTR""; ""price""; HOY()-180; HOY());;2)); MIN(INDEX(GOOGLEFINANCE(""PLTR""; ""price""; HOY()-180; HOY());;2))); ""Zona Alta""; ""Zona Baja"")";"=GOOGLEFINANCE(""PLTR""; ""marketcap"")";"=GOOGLEFINANCE(""PLTR""; ""eps"")";"=GOOGLEFINANCE(""PLTR""; ""pe"")";"=GOOGLEFINANCE(""PLTR""; ""beta"")";"=IFERROR(INDEX(IMPORTXML(""https://finance.yahoo.com/quote/""&""PLTR"",""//span[text()='Sector(s)']/following-sibling::span"");1);""-"")";"=IFERROR(INDEX(IMPORTXML(""https://finance.yahoo.com/quote/""&""PLTR"",""//span[text()='Industry']/following-sibling::span"");1);""-"")"
SOFI;"=GOOGLEFINANCE(""SOFI""; ""name"")";"=GOOGLEFINANCE(""SOFI"")";"=GOOGLEFINANCE(""SOFI""; ""changepct"")";"=SPARKLINE(GOOGLEFINANCE(""SOFI""; ""price""; HOY()-30; HOY()))";"=PROMEDIO(INDEX(GOOGLEFINANCE(""SOFI""; ""price""; HOY()-80; HOY());;2))";"=SPARKLINE({GOOGLEFINANCE(""SOFI"";""price""); MIN(INDEX(GOOGLEFINANCE(""SOFI""; ""price""; HOY()-180; HOY());;2)); MAX(INDEX(GOOGLEFINANCE(""SOFI""; ""price""; HOY()-180; HOY());;2))};{""charttype""\""bar"";""max""\MAX(INDEX(GOOGLEFINANCE(""SOFI""; ""price""; HOY()-180; HOY());;2));""min""\MIN(INDEX(GOOGLEFINANCE(""SOFI""; ""price""; HOY()-180; HOY());;2));""color1""\""blue""})";"=SI(GOOGLEFINANCE(""SOFI""; ""price"") > PROMEDIO(MAX(INDEX(GOOGLEFINANCE(""SOFI""; ""price""; HOY()-180; HOY());;2)); MIN(INDEX(GOOGLEFINANCE(""SOFI""; ""price""; HOY()-180; HOY());;2))); ""Zona Alta""; ""Zona Baja"")";"=GOOGLEFINANCE(""SOFI""; ""marketcap"")";"=GOOGLEFINANCE(""SOFI""; ""eps"")";"=GOOGLEFINANCE(""SOFI""; ""pe"")";"=GOOGLEFINANCE(""SOFI""; ""beta"")";"=IFERROR(INDEX(IMPORTXML(""https://finance.yahoo.com/quote/""&""SOFI"",""//span[text()='Sector(s)']/following-sibling::span"");1);""-"")";"=IFERROR(INDEX(IMPORTXML(""https://finance.yahoo.com/quote/""&""SOFI"",""//span[text()='Industry']/following-sibling::span"");1);""-"")"
COIN;"=GOOGLEFINANCE(""COIN""; ""name"")";"=GOOGLEFINANCE(""COIN"")";"=GOOGLEFINANCE(""COIN""; ""changepct"")";"=SPARKLINE(GOOGLEFINANCE(""COIN""; ""price""; HOY()-30; HOY()))";"=PROMEDIO(INDEX(GOOGLEFINANCE(""COIN""; ""price""; HOY()-80; HOY());;2))";"=SPARKLINE({GOOGLEFINANCE(""COIN"";""price""); MIN(INDEX(GOOGLEFINANCE(""COIN""; ""price""; HOY()-180; HOY());;2)); MAX(INDEX(GOOGLEFINANCE(""COIN""; ""price""; HOY()-180; HOY());;2))};{""charttype""\""bar"";""max""\MAX(INDEX(GOOGLEFINANCE(""COIN""; ""price""; HOY()-180; HOY());;2));""min""\MIN(INDEX(GOOGLEFINANCE(""COIN""; ""price""; HOY()-180; HOY());;2));""color1""\""blue""})";"=SI(GOOGLEFINANCE(""COIN""; ""price"") > PROMEDIO(MAX(INDEX(GOOGLEFINANCE(""COIN""; ""price""; HOY()-180; HOY());;2)); MIN(INDEX(GOOGLEFINANCE(""COIN""; ""price""; HOY()-180; HOY());;2))); ""Zona Alta""; ""Zona Baja"")";"=GOOGLEFINANCE(""COIN""; ""marketcap"")";"=GOOGLEFINANCE(""COIN""; ""eps"")";"=GOOGLEFINANCE(""COIN""; ""pe"")";"=GOOGLEFINANCE(""COIN""; ""beta"")";"=IFERROR(INDEX(IMPORTXML(""https://finance.yahoo.com/quote/""&""COIN"",""//span[text()='Sector(s)']/following-sibling::span"");1);""-"")";"=IFERROR(INDEX(IMPORTXML(""https://finance.yahoo.com/quote/""&""COIN"",""//span[text()='Industry']/following-sibling::span"");1);""-"")"
MARA;"=GOOGLEFINANCE(""MARA""; ""name"")";"=GOOGLEFINANCE(""MARA"")";"=GOOGLEFINANCE(""MARA""; ""changepct"")";"=SPARKLINE(GOOGLEFINANCE(""MARA""; ""price""; HOY()-30; HOY()))";"=PROMEDIO(INDEX(GOOGLEFINANCE(""MARA""; ""price""; HOY()-80; HOY());;2))";"=SPARKLINE({GOOGLEFINANCE(""MARA"";""price""); MIN(INDEX(GOOGLEFINANCE(""MARA""; ""price""; HOY()-180; HOY());;2)); MAX(INDEX(GOOGLEFINANCE(""MARA""; ""price""; HOY()-180; HOY());;2))};{""charttype""\""bar"";""max""\MAX(INDEX(GOOGLEFINANCE(""MARA""; ""price""; HOY()-180; HOY());;2));""min""\MIN(INDEX(GOOGLEFINANCE(""MARA""; ""price""; HOY()-180; HOY());;2));""color1""\""blue""})";"=SI(GOOGLEFINANCE(""MARA""; ""price"") > PROMEDIO(MAX(INDEX(GOOGLEFINANCE(""MARA""; ""price""; HOY()-180; HOY());;2)); MIN(INDEX(GOOGLEFINANCE(""MARA""; ""price""; HOY()-180; HOY());;2))); ""Zona Alta""; ""Zona Baja"")";"=GOOGLEFINANCE(""MARA""; ""marketcap"")";"=GOOGLEFINANCE(""MARA""; ""eps"")";"=GOOGLEFINANCE(""MARA""; ""pe"")";"=GOOGLEFINANCE(""MARA""; ""beta"")";"=IFERROR(INDEX(IMPORTXML(""https://finance.yahoo.com/quote/""&""MARA"",""//span[text()='Sector(s)']/following-sibling::span"");1);""-"")";"=IFERROR(INDEX(IMPORTXML(""https://finance.yahoo.com/quote/""&""MARA"",""//span[text()='Industry']/following-sibling::span"");1);""-"")"
RIOT;"=GOOGLEFINANCE(""RIOT""; ""name"")";"=GOOGLEFINANCE(""RIOT"")";"=GOOGLEFINANCE(""RIOT""; ""changepct"")";"=SPARKLINE(GOOGLEFINANCE(""RIOT""; ""price""; HOY()-30; HOY()))";"=PROMEDIO(INDEX(GOOGLEFINANCE(""RIOT""; ""price""; HOY()-80; HOY());;2))";"=SPARKLINE({GOOGLEFINANCE(""RIOT"";""price""); MIN(INDEX(GOOGLEFINANCE(""RIOT""; ""price""; HOY()-180; HOY());;2)); MAX(INDEX(GOOGLEFINANCE(""RIOT""; ""price""; HOY()-180; HOY());;2))};{""charttype""\""bar"";""max""\MAX(INDEX(GOOGLEFINANCE(""RIOT""; ""price""; HOY()-180; HOY());;2));""min""\MIN(INDEX(GOOGLEFINANCE(""RIOT""; ""price""; HOY()-180; HOY());;2));""color1""\""blue""})";"=SI(GOOGLEFINANCE(""RIOT""; ""price"") > PROMEDIO(MAX(INDEX(GOOGLEFINANCE(""RIOT""; ""price""; HOY()-180; HOY());;2)); MIN(INDEX(GOOGLEFINANCE(""RIOT""; ""price""; HOY()-180; HOY());;2))); ""Zona Alta""; ""Zona Baja"")";"=GOOGLEFINANCE(""RIOT""; ""marketcap"")";"=GOOGLEFINANCE(""RIOT""; ""eps"")";"=GOOGLEFINANCE(""RIOT""; ""pe"")";"=GOOGLEFINANCE(""RIOT""; ""beta"")";"=IFERROR(INDEX(IMPORTXML(""https://finance.yahoo.com/quote/""&""RIOT"",""//span[text()='Sector(s)']/following-sibling::span"");1);""-"")";"=IFERROR(INDEX(IMPORTXML(""https://finance.yahoo.com/quote/""&""RIOT"",""//span[text()='Industry']/following-sibling::span"");1);""-"")"
DKNG;"=GOOGLEFINANCE(""DKNG""; ""name"")";"=GOOGLEFINANCE(""DKNG"")";"=GOOGLEFINANCE(""DKNG""; ""changepct"")";"=SPARKLINE(GOOGLEFINANCE(""DKNG""; ""price""; HOY()-30; HOY()))";"=PROMEDIO(INDEX(GOOGLEFINANCE(""DKNG""; ""price""; HOY()-80; HOY());;2))";"=SPARKLINE({GOOGLEFINANCE(""DKNG"";""price""); MIN(INDEX(GOOGLEFINANCE(""DKNG""; ""price""; HOY()-180; HOY());;2)); MAX(INDEX(GOOGLEFINANCE(""DKNG""; ""price""; HOY()-180; HOY());;2))};{""charttype""\""bar"";""max""\MAX(INDEX(GOOGLEFINANCE(""DKNG""; ""price""; HOY()-180; HOY());;2));""min""\MIN(INDEX(GOOGLEFINANCE(""DKNG""; ""price""; HOY()-180; HOY());;2));""color1""\""blue""})";"=SI(GOOGLEFINANCE(""DKNG""; ""price"") > PROMEDIO(MAX(INDEX(GOOGLEFINANCE(""DKNG""; ""price""; HOY()-180; HOY());;2)); MIN(INDEX(GOOGLEFINANCE(""DKNG""; ""price""; HOY()-180; HOY());;2))); ""Zona Alta""; ""Zona Baja"")";"=GOOGLEFINANCE(""DKNG""; ""marketcap"")";"=GOOGLEFINANCE(""DKNG""; ""eps"")";"=GOOGLEFINANCE(""DKNG""; ""pe"")";"=GOOGLEFINANCE(""DKNG""; ""beta"")";"=IFERROR(INDEX(IMPORTXML(""https://finance.yahoo.com/quote/""&""DKNG"",""//span[text()='Sector(s)']/following-sibling::span"");1);""-"")";"=IFERROR(INDEX(IMPORTXML(""https://finance.yahoo.com/quote/""&""DKNG"",""//span[text()='Industry']/following-sibling::span"");1);""-"")"
